E0,E1,E2,E3,E4,E5,E6,E7,E8,E9,E10,E11,E12,E13,E14,E15,E16,E17,E18,E19,E20,E21,E22,E23,E24,E25,E26,E27,E28,E29,E30,E31,E32,E33,E34,E35,E36,E37,E38,E39,E40,E41,E42,E43,E44,E45,E46,E47,E48,E49,E50,E51,E52,E53,E54,E55,E56,E57,E58,E59,E60,E61,E62,E63,E64,E65,E66,E67,E68,E69,E70,E71,E72,E73,E74,E75,E76,E77,E78,E79,E80,E81,E82,E83,E84,E85,E86,E87,E88,E89,E90,E91,E92,E93,E94
1981,6.28883504867554,11.6108684539795,39.2335777282715,27.4254131317139,56.3652000427246,34.810962677002,29.0116481781006,27.2780303955078,81.0085830688477,25.244966506958,22.5939331054688,39.2335777282715,50.2831764221191,15.6530313491821,59.8281173706055,104.060104370117,15.6530313491821,42.4022674560547,29.3997421264648,29.3997421264648,27.1665115356445,27.1665115356445,39.9789047241211,46.4770774841309,59.8281173706055,48.0730247497559,50.630069732666,62.0228080749512,5.02111291885376,6.16237783432007,4.36719751358032,6.28883504867554,4.49933815002441,9.69034481048584,6.27374219894409,12.592960357666,9.89257335662842,11.6108684539795,16.3185691833496,14.9078741073608,22.989818572998,47.1828842163086,18.0383434295654,13.9346313476562,23.1198081970215,17.788911819458,17.8217468261719,27.2780303955078,29.0116481781006,27.4254131317139,29.3997421264648,34.810962677002,39.2335777282715,26.6651840209961,19.322509765625,56.3652000427246,83.4282913208008,35.8765335083008,15.6530313491821,16.834077835083,22.5939331054688,25.1986694335938,50.2831764221191,81.0085830688477,85.995002746582,58.4162712097168,25.244966506958,42.4022674560547,35.5947685241699,77.997932434082,65.6257247924805,49.8028297424316,81.0639343261719,94.6361999511719,113.526985168457,57.4054870605469,71.7431106567383,59.8281173706055,104.060104370117,127.991256713867,88.7994613647461,95.4243011474609,48.0730247497559,44.1319770812988,46.4770774841309,27.7232360839844,45.2508811950684,61.0498466491699,50.630069732666,51.9914169311523,27.1665115356445,33.205493927002,39.9789047241211,62.0228080749512
1982,0.775053918361664,3.01794838905334,10.6591873168945,19.4958915710449,27.7353076934814,22.6502628326416,36.2451477050781,9.21917915344238,35.8312339782715,17.0959148406982,14.1364984512329,10.6591873168945,57.9536895751953,15.6172208786011,64.0599136352539,40.9484901428223,15.6172208786011,44.0641403198242,9.66831684112549,9.66831684112549,16.1667213439941,16.1667213439941,24.9995784759521,111.56037902832,64.0599136352539,38.6717300415039,50.0337791442871,24.8955783843994,0.221974283456802,0.621975958347321,0.563314616680145,0.775053918361664,1.39678275585175,5.05863189697266,4.91984224319458,12.8131160736084,1.26272654533386,3.01794838905334,7.26808452606201,9.38487911224365,15.7216596603394,20.0232620239258,3.03333926200867,2.32775402069092,4.33110952377319,4.90685272216797,4.04951238632202,9.21917915344238,36.2451477050781,19.4958915710449,9.66831684112549,22.6502628326416,10.6591873168945,11.8745145797729,4.43754529953003,27.7353076934814,15.6820344924927,16.6742095947266,15.6172208786011,9.11937141418457,14.1364984512329,19.9087028503418,57.9536895751953,35.8312339782715,24.2957401275635,17.3772449493408,17.0959148406982,44.0641403198242,63.8805160522461,54.4012489318848,40.0660171508789,34.2591171264648,31.5682563781738,65.3084869384766,39.0134773254395,38.6355018615723,68.0241851806641,64.0599136352539,40.9484901428223,31.7373867034912,50.0451316833496,65.8094177246094,38.6717300415039,88.1673431396484,111.56037902832,9.06355571746826,17.4818286895752,32.9463768005371,50.0337791442871,67.3202590942383,16.1667213439941,15.6801204681396,24.9995784759521,24.8955783843994
1983,27.2768516540527,43.4988822937012,48.7394180297852,134.473770141602,135.708679199219,149.040542602539,96.6147994995117,57.4733657836914,147.934448242188,122.642524719238,129.077346801758,48.7394180297852,258.418792724609,113.708892822266,225.533004760742,311.772277832031,113.708892822266,158.051834106445,110.263969421387,110.263969421387,141.031753540039,141.031753540039,121.261627197266,253.142807006836,225.533004760742,170.561386108398,179.429672241211,158.276077270508,47.1315383911133,22.2613773345947,45.9140968322754,27.2768516540527,37.3047256469727,75.9154739379883,101.473419189453,164.046752929688,26.4140338897705,43.4988822937012,44.7288398742676,101.744873046875,109.126876831055,142.213592529297,35.0482368469238,28.9082469940186,68.8834533691406,38.965763092041,78.3835983276367,57.4733657836914,96.6147994995117,134.473770141602,110.263969421387,149.040542602539,48.7394180297852,175.369781494141,95.9543838500977,135.708679199219,284.257293701172,286.658050537109,113.708892822266,91.1227340698242,129.077346801758,150.459991455078,258.418792724609,147.934448242188,217.074554443359,188.12971496582,122.642524719238,158.051834106445,216.577667236328,301.776031494141,204.736633300781,202.912933349609,166.516998291016,288.852203369141,265.119750976562,187.669021606445,175.790832519531,225.533004760742,311.772277832031,208.416809082031,162.402389526367,148.787948608398,170.561386108398,167.11604309082,253.142807006836,145.792938232422,203.180252075195,161.555511474609,179.429672241211,144.64421081543,141.031753540039,80.5461044311523,121.261627197266,158.276077270508
1984,13.6371564865112,14.6976728439331,12.5250520706177,47.4262504577637,62.7520484924316,44.5146408081055,30.9204158782959,21.9502296447754,53.1313095092773,57.6147270202637,37.2121772766113,12.5250520706177,50.7413215637207,23.5706596374512,89.9228668212891,68.8468399047852,23.5706596374512,85.6692428588867,32.4272270202637,32.4272270202637,29.1577758789062,29.1577758789062,29.6954784393311,90.1735229492188,89.9228668212891,72.0426406860352,82.8994064331055,31.8059844970703,8.31540679931641,5.96774911880493,4.10789203643799,13.6371564865112,19.5906829833984,19.1343612670898,38.2102813720703,46.6111259460449,13.7796192169189,14.6976728439331,22.8825130462646,13.5003728866577,24.3213291168213,77.1425399780273,14.7151727676392,17.2757377624512,17.9858989715576,23.6449241638184,21.6499977111816,21.9502296447754,30.9204158782959,47.4262504577637,32.4272270202637,44.5146408081055,12.5250520706177,46.2275161743164,30.3829002380371,62.7520484924316,79.3156814575195,75.3164520263672,23.5706596374512,15.0584163665771,37.2121772766113,35.4143447875977,50.7413215637207,53.1313095092773,90.5245056152344,69.6264114379883,57.6147270202637,85.6692428588867,83.7368774414062,69.1841583251953,68.1470336914062,114.818176269531,75.3403625488281,70.112922668457,60.0640678405762,110.34065246582,83.9174499511719,89.9228668212891,68.8468399047852,37.5747947692871,68.8073196411133,107.429229736328,72.0426406860352,102.53271484375,90.1735229492188,24.6011695861816,42.9196701049805,41.2153358459473,82.8994064331055,102.331985473633,29.1577758789062,31.8922939300537,29.6954784393311,31.8059844970703
1985,1.75181794166565,3.04074621200562,11.8391094207764,13.487455368042,22.8444442749023,24.1292018890381,14.4909057617188,13.4124116897583,31.8607521057129,7.26169347763062,18.3099594116211,11.8391094207764,31.6206111907959,10.4933338165283,9.78696823120117,15.3224306106567,10.4933338165283,10.2696161270142,22.4470634460449,22.4470634460449,1.9145690202713,1.9145690202713,0.687688529491425,9.29474830627441,9.78696823120117,9.33627891540527,6.90694570541382,3.23447155952454,0.206845015287399,1.16791236400604,1.17561888694763,1.75181794166565,1.66103267669678,3.0307092666626,7.91071319580078,12.3751211166382,1.82073295116425,3.04074621200562,6.86884164810181,6.51233196258545,5.45578956604004,13.7190370559692,2.36888098716736,3.03109407424927,9.0167179107666,7.27868700027466,10.1226558685303,13.4124116897583,14.4909057617188,13.487455368042,22.4470634460449,24.1292018890381,11.8391094207764,14.0014839172363,14.8986616134644,22.8444442749023,27.1678905487061,24.9456634521484,10.4933338165283,8.51469421386719,18.3099594116211,28.0079097747803,31.6206111907959,31.8607521057129,21.4753856658936,37.0932006835938,7.26169347763062,10.2696161270142,17.8494873046875,22.604850769043,20.204704284668,18.6931610107422,35.8607025146484,12.0947875976562,13.1696510314941,19.3218002319336,27.7825660705566,9.78696823120117,15.3224306106567,15.913649559021,27.340576171875,44.0859336853027,9.33627891540527,11.4253158569336,9.29474830627441,5.97715282440186,3.37788200378418,3.76042628288269,6.90694570541382,8.64961051940918,1.9145690202713,5.6087760925293,0.687688529491425,3.23447155952454
1986,2.89471364021301,5.87607431411743,13.8847417831421,34.9884986877441,31.080924987793,46.370677947998,40.7909469604492,19.2704601287842,35.7329978942871,33.2916374206543,26.900671005249,13.8847417831421,93.2731246948242,25.2831840515137,158.250381469727,172.593185424805,25.2831840515137,47.1354484558105,27.5426006317139,27.5426006317139,28.2780208587646,28.2780208587646,46.3327484130859,175.110412597656,158.250381469727,76.5925521850586,92.7522201538086,55.7102584838867,6.73333978652954,1.99348175525665,4.76685571670532,2.89471364021301,6.74953126907349,7.57679080963135,10.4048023223877,49.6257553100586,2.92337203025818,5.87607431411743,15.9959878921509,20.0103969573975,14.6880989074707,21.3367385864258,6.64453411102295,3.95096945762634,9.64811897277832,8.04440021514893,10.6445589065552,19.2704601287842,40.7909469604492,34.9884986877441,27.5426006317139,46.370677947998,13.8847417831421,53.3429718017578,13.2182493209839,31.080924987793,43.1667747497559,65.7523803710938,25.2831840515137,10.6525993347168,26.900671005249,48.1153678894043,93.2731246948242,35.7329978942871,60.6407623291016,59.8094024658203,33.2916374206543,47.1354484558105,93.7867050170898,119.739318847656,64.232421875,84.1706771850586,57.1163024902344,193.344375610352,55.9319076538086,78.020149230957,69.9751358032227,158.250381469727,172.593185424805,90.2890853881836,107.238754272461,108.575828552246,76.5925521850586,93.5010833740234,175.110412597656,41.031867980957,46.1922073364258,78.8277587890625,92.7522201538086,96.5933303833008,28.2780208587646,33.5494575500488,46.3327484130859,55.7102584838867
1987,19.4328670501709,24.4459590911865,27.6175746917725,158.533203125,153.888458251953,84.8136291503906,85.4448013305664,46.6553230285645,144.632415771484,49.2225189208984,38.4100341796875,27.6175746917725,94.3108901977539,63.4595642089844,114.229606628418,188.258590698242,63.4595642089844,85.426155090332,47.3720054626465,47.3720054626465,41.8846321105957,41.8846321105957,67.4219055175781,165.315704345703,114.229606628418,95.3197021484375,115.91162109375,55.2050819396973,16.4908771514893,13.4946699142456,13.7768325805664,19.4328670501709,26.3634796142578,26.1249885559082,40.3713302612305,90.5570678710938,15.8110427856445,24.4459590911865,40.6062774658203,69.6932678222656,64.0693283081055,143.646087646484,25.0289821624756,31.5429744720459,41.7445869445801,28.1313610076904,28.2311210632324,46.6553230285645,85.4448013305664,158.533203125,47.3720054626465,84.8136291503906,27.6175746917725,108.062637329102,34.3882942199707,153.888458251953,150.60888671875,117.912521362305,63.4595642089844,33.047679901123,38.4100341796875,66.6488037109375,94.3108901977539,144.632415771484,134.999145507812,124.742706298828,49.2225189208984,85.426155090332,150.084381103516,228.39924621582,216.936996459961,137.658981323242,128.223709106445,265.049682617188,241.021209716797,109.542755126953,88.7763442993164,114.229606628418,188.258590698242,159.380035400391,112.107147216797,87.5278472900391,95.3197021484375,121.258682250977,165.315704345703,38.0990333557129,51.6433334350586,52.250114440918,115.91162109375,123.737838745117,41.8846321105957,64.6091156005859,67.4219055175781,55.2050819396973
1988,1.75931012630463,2.8662850856781,6.01502180099487,7.19043064117432,7.31042242050171,8.33372211456299,11.3276634216309,5.99516439437866,10.665322303772,8.82014274597168,6.20579671859741,6.01502180099487,16.3944320678711,15.1268463134766,28.0617523193359,45.6751518249512,15.1268463134766,13.0728969573975,7.03291130065918,7.03291130065918,10.4336605072021,10.4336605072021,9.86521816253662,17.4883823394775,28.0617523193359,19.5186672210693,24.8063907623291,18.0263786315918,1.53348636627197,1.40454709529877,1.16352236270905,1.75931012630463,1.97247457504272,7.15004348754883,9.24333953857422,25.296257019043,2.08306217193604,2.8662850856781,3.77864813804626,8.61516094207764,18.2135448455811,13.6091108322144,4.32781028747559,1.87269234657288,4.57909250259399,3.72953271865845,4.07773542404175,5.99516439437866,11.3276634216309,7.19043064117432,7.03291130065918,8.33372211456299,6.01502180099487,21.4068412780762,5.04431486129761,7.31042242050171,9.16107273101807,16.3063926696777,15.1268463134766,6.8966121673584,6.20579671859741,9.62227535247803,16.3944320678711,10.665322303772,7.42574691772461,9.74292182922363,8.82014274597168,13.0728969573975,14.305908203125,12.2899417877197,9.28925704956055,9.02885246276855,7.06357955932617,29.7007789611816,26.0843486785889,18.2726268768311,15.7841329574585,28.0617523193359,45.6751518249512,34.3640937805176,26.1213531494141,28.9448585510254,19.5186672210693,16.1684036254883,17.4883823394775,6.72880363464355,16.6031761169434,26.6151733398438,24.8063907623291,15.9466714859009,10.4336605072021,5.6501522064209,9.86521816253662,18.0263786315918
1989,14.2296047210693,20.7626056671143,60.2372665405273,112.061782836914,76.3213195800781,40.2751312255859,42.1345977783203,15.1679544448853,45.6561393737793,185.149032592773,178.235977172852,60.2372665405273,83.3051300048828,125.764274597168,42.7866477966309,53.2649307250977,125.764274597168,233.024627685547,29.2027072906494,29.2027072906494,135.967895507812,135.967895507812,103.957946777344,47.4819984436035,42.7866477966309,139.665100097656,45.0453948974609,131.291809082031,11.1158399581909,15.1842775344849,12.9799852371216,14.2296047210693,17.4162330627441,31.3788719177246,38.5208625793457,102.002960205078,12.7667207717896,20.7626056671143,38.5804557800293,49.3402099609375,87.7103576660156,192.002151489258,18.2601566314697,23.069860458374,33.8595199584961,25.0146522521973,18.1484222412109,15.1679544448853,42.1345977783203,112.061782836914,29.2027072906494,40.2751312255859,60.2372665405273,175.281051635742,57.9317817687988,76.3213195800781,178.913040161133,186.079025268555,125.764274597168,110.890930175781,178.235977172852,81.8527297973633,83.3051300048828,45.6561393737793,97.2019424438477,100.363761901855,185.149032592773,233.024627685547,103.295516967773,60.6922340393066,56.5749168395996,64.0118103027344,92.7419967651367,81.7491226196289,82.5319213867188,65.5448913574219,84.5344772338867,42.7866477966309,53.2649307250977,55.1561431884766,71.6416397094727,116.16983795166,139.665100097656,102.089790344238,47.4819984436035,18.6592426300049,25.5710067749023,37.4449577331543,45.0453948974609,40.8450241088867,135.967895507812,33.5587921142578,103.957946777344,131.291809082031
1990,2.14822340011597,2.04796481132507,5.93886709213257,19.0736427307129,21.2303466796875,10.2032766342163,5.62995386123657,3.46304535865784,28.9920921325684,15.4738712310791,13.3649044036865,5.93886709213257,12.0086040496826,7.36975717544556,17.959659576416,30.438346862793,7.36975717544556,27.1545810699463,6.10923290252686,6.10923290252686,4.45715045928955,4.45715045928955,2.77266407012939,25.2215061187744,17.959659576416,18.6309909820557,18.7164001464844,6.84316539764404,1.48871803283691,0.845879197120667,1.2930371761322,2.14822340011597,3.6459686756134,3.58414030075073,7.41334056854248,11.2423429489136,1.72529053688049,2.04796481132507,2.88431763648987,8.41707992553711,12.8009510040283,26.845911026001,2.12837433815002,1.67839026451111,3.48486399650574,2.37559008598328,3.08601307868958,3.46304535865784,5.62995386123657,19.0736427307129,6.10923290252686,10.2032766342163,5.93886709213257,20.1796646118164,4.14233684539795,21.2303466796875,21.4332485198975,12.908802986145,7.36975717544556,9.46367740631104,13.3649044036865,9.11691379547119,12.0086040496826,28.9920921325684,36.7611198425293,32.9432716369629,15.4738712310791,27.1545810699463,32.9306488037109,29.496187210083,26.5198173522949,24.8166904449463,20.0595283508301,23.0443325042725,18.6876201629639,26.779483795166,20.8227729797363,17.959659576416,30.438346862793,30.6761417388916,45.1479301452637,24.6530017852783,18.6309909820557,24.1266746520996,25.2215061187744,4.31004095077515,6.53419494628906,9.42147827148438,18.7164001464844,21.2007293701172,4.45715045928955,6.2680492401123,2.77266407012939,6.84316539764404
1991,3.16302227973938,6.20526313781738,22.6365852355957,20.6963729858398,23.875904083252,24.4050235748291,28.8456516265869,27.2248306274414,27.9274005889893,49.8152542114258,25.2097072601318,22.6365852355957,40.1430130004883,31.1445617675781,83.059814453125,65.7306671142578,31.1445617675781,80.4806213378906,22.6562328338623,22.6562328338623,35.7026557922363,35.7026557922363,41.2199478149414,99.7029800415039,83.059814453125,53.4561500549316,56.8170738220215,54.2770919799805,3.55117654800415,3.24131083488464,2.10175561904907,3.16302227973938,2.60525131225586,4.63328504562378,5.6408519744873,16.8292331695557,7.5140643119812,6.20526313781738,14.2749109268188,11.1814765930176,18.3365211486816,40.9304466247559,18.561502456665,11.6219005584717,33.2805137634277,22.4098968505859,27.6541976928711,27.2248306274414,28.8456516265869,20.6963729858398,22.6562328338623,24.4050235748291,22.6365852355957,38.9435386657715,26.2949485778809,23.875904083252,37.4228248596191,38.6414985656738,31.1445617675781,29.8778419494629,25.2097072601318,29.1347808837891,40.1430130004883,27.9274005889893,51.6005363464355,45.2514572143555,49.8152542114258,80.4806213378906,64.4636764526367,34.9761581420898,27.3416213989258,52.9697265625,51.3969306945801,62.1877632141113,39.9373588562012,40.418327331543,68.9395294189453,83.059814453125,65.7306671142578,38.0631446838379,98.0943222045898,114.91967010498,53.4561500549316,92.7795028686523,99.7029800415039,36.2496223449707,37.5630416870117,65.4046401977539,56.8170738220215,82.2429962158203,35.7026557922363,56.8393173217773,41.2199478149414,54.2770919799805
1992,15.9191274642944,25.9672927856445,81.895263671875,77.6422576904297,115.775245666504,125.405693054199,74.7706756591797,73.9920272827148,298.983795166016,92.9863204956055,94.4004592895508,81.895263671875,148.342147827148,95.8890380859375,141.086517333984,164.274703979492,95.8890380859375,173.08430480957,106.760780334473,106.760780334473,79.1132888793945,79.1132888793945,121.474769592285,203.568786621094,141.086517333984,145.561065673828,230.500549316406,74.1370620727539,26.4976043701172,12.977635383606,11.0938987731934,15.9191274642944,12.3456783294678,43.5233497619629,49.3745422363281,111.626358032227,20.3692378997803,25.9672927856445,39.2339859008789,57.5890159606934,84.7902374267578,105.710342407227,36.7110023498535,29.4919338226318,102.656913757324,56.3927764892578,79.9330215454102,73.9920272827148,74.7706756591797,77.6422576904297,106.760780334473,125.405693054199,81.895263671875,137.306243896484,97.4594497680664,115.775245666504,170.49040222168,166.105804443359,95.8890380859375,76.8358840942383,94.4004592895508,116.479011535645,148.342147827148,298.983795166016,343.582916259766,230.683746337891,92.9863204956055,173.08430480957,203.909286499023,199.165283203125,280.938385009766,312.294769287109,233.264221191406,213.982925415039,145.526596069336,169.716873168945,195.531005859375,141.086517333984,164.274703979492,164.996185302734,232.71907043457,193.683120727539,145.561065673828,235.481216430664,203.568786621094,87.3790130615234,105.244781494141,79.9869003295898,230.500549316406,165.236389160156,79.1132888793945,151.570358276367,121.474769592285,74.1370620727539
1993,13.7929267883301,11.4944753646851,31.7097511291504,51.5386161804199,63.6228523254395,58.6854705810547,37.3290367126465,37.3934135437012,83.6043701171875,41.2817230224609,46.1721572875977,31.7097511291504,76.0031814575195,30.6470909118652,61.1676406860352,90.6720581054688,30.6470909118652,80.9504013061523,49.0767135620117,49.0767135620117,37.1298866271973,37.1298866271973,59.5021018981934,94.680305480957,61.1676406860352,113.292907714844,149.724548339844,73.7032318115234,8.9216365814209,9.572096824646,10.3830223083496,13.7929267883301,11.4371643066406,21.9965019226074,30.4087409973145,40.5939674377441,10.7136220932007,11.4944753646851,28.0783710479736,27.4622192382812,28.9799537658691,47.3233833312988,11.3011322021484,14.227988243103,33.1449966430664,25.7782764434814,37.5840110778809,37.3934135437012,37.3290367126465,51.5386161804199,49.0767135620117,58.6854705810547,31.7097511291504,55.6328544616699,44.6705093383789,63.6228523254395,54.4180145263672,54.0597648620605,30.6470909118652,33.2027244567871,46.1721572875977,60.5231323242188,76.0031814575195,83.6043701171875,73.1545791625977,61.6729049682617,41.2817230224609,80.9504013061523,65.3845520019531,71.7912216186523,53.4045791625977,51.3676567077637,48.3809967041016,87.4424591064453,86.3645553588867,79.7930145263672,44.341251373291,61.1676406860352,90.6720581054688,91.6165084838867,72.6079330444336,55.136962890625,113.292907714844,101.835968017578,94.680305480957,54.6276206970215,37.6059265136719,128.9619140625,149.724548339844,63.9389533996582,37.1298866271973,85.1781997680664,59.5021018981934,73.7032318115234
1994,7.75533771514893,12.1804294586182,57.5838470458984,52.2357139587402,131.795181274414,84.3784103393555,45.6131439208984,38.7648506164551,117.670829772949,29.3795528411865,39.6333084106445,57.5838470458984,51.7968635559082,44.4892311096191,178.15104675293,191.767959594727,44.4892311096191,48.8843803405762,34.4349517822266,34.4349517822266,21.0292148590088,21.0292148590088,31.9642219543457,206.309646606445,178.15104675293,32.6232719421387,37.4721908569336,50.0691452026367,6.71389961242676,5.99181413650513,6.95296764373779,7.75533771514893,9.68480491638184,11.1144514083862,19.1582717895508,63.0690841674805,5.16019916534424,12.1804294586182,25.0221538543701,21.9269123077393,43.0212936401367,108.154029846191,7.22360801696777,9.27049446105957,28.1364040374756,27.3315944671631,37.9465980529785,38.7648506164551,45.6131439208984,52.2357139587402,34.4349517822266,84.3784103393555,57.5838470458984,136.288726806641,39.103141784668,131.795181274414,75.7213592529297,157.682235717773,44.4892311096191,30.6440334320068,39.6333084106445,57.0025100708008,51.7968635559082,117.670829772949,161.130783081055,116.734619140625,29.3795528411865,48.8843803405762,150.503997802734,126.705307006836,71.1147613525391,128.023513793945,141.316421508789,202.955108642578,166.905807495117,153.774627685547,103.555641174316,178.15104675293,191.767959594727,174.525863647461,158.144470214844,119.759651184082,32.6232719421387,79.4909591674805,206.309646606445,41.6566467285156,32.9516563415527,43.993221282959,37.4721908569336,133.579742431641,21.0292148590088,37.0307464599609,31.9642219543457,50.0691452026367
1995,5.53917360305786,16.6362609863281,16.0991382598877,21.6778163909912,29.3776321411133,19.4000644683838,22.0473175048828,13.9339771270752,28.871244430542,15.7860870361328,22.5658111572266,16.0991382598877,22.7373275756836,20.423755645752,65.8842849731445,56.8142280578613,20.423755645752,34.5344467163086,11.7014360427856,11.7014360427856,26.9434013366699,26.9434013366699,28.0407028198242,42.797248840332,65.8842849731445,39.0333976745605,83.3171920776367,50.2035789489746,2.42190670967102,2.84741401672363,2.92570996284485,5.53917360305786,6.22568893432617,5.32953262329102,15.6745691299438,48.0576438903809,14.3181772232056,16.6362609863281,10.1949939727783,13.2810478210449,39.318733215332,75.8488540649414,19.3394508361816,17.3261070251465,25.1103744506836,17.4729404449463,14.8889799118042,13.9339771270752,22.0473175048828,21.6778163909912,11.7014360427856,19.4000644683838,16.0991382598877,73.7594604492188,11.080774307251,29.3776321411133,67.2411651611328,52.0739517211914,20.423755645752,14.0553455352783,22.5658111572266,22.7342624664307,22.7373275756836,28.871244430542,53.1006546020508,54.477165222168,15.7860870361328,34.5344467163086,22.1693096160889,26.4874877929688,24.6852378845215,59.742733001709,60.0981903076172,52.8319969177246,53.839672088623,69.2861938476562,88.637825012207,65.8842849731445,56.8142280578613,55.2886085510254,67.6089096069336,121.729751586914,39.0333976745605,45.1165390014648,42.797248840332,29.3417797088623,42.981632232666,62.7869529724121,83.3171920776367,69.9969253540039,26.9434013366699,31.6951580047607,28.0407028198242,50.2035789489746
1996,3.69903016090393,3.95825505256653,12.4973888397217,18.8456707000732,17.9757518768311,17.8498001098633,18.9290885925293,8.21872234344482,44.6998023986816,26.8887233734131,8.13331604003906,12.4973888397217,23.3660678863525,10.443039894104,41.7281494140625,56.2698707580566,10.443039894104,42.3635635375977,9.11361980438232,9.11361980438232,15.7358484268188,15.7358484268188,39.6016159057617,69.8735046386719,41.7281494140625,51.6561813354492,62.5554351806641,30.9194984436035,6.4775915145874,4.62803173065186,6.27973031997681,3.69903016090393,7.46914768218994,5.06134939193726,11.0656328201294,16.340669631958,2.82726526260376,3.95825505256653,8.962646484375,10.0616407394409,12.9859313964844,27.4944343566895,3.65655660629272,3.84605836868286,6.50649356842041,5.25516033172607,3.35435032844543,8.21872234344482,18.9290885925293,18.8456707000732,9.11361980438232,17.8498001098633,12.4973888397217,33.4258155822754,4.14232873916626,17.9757518768311,53.4340667724609,70.4426956176758,10.443039894104,12.7933330535889,8.13331604003906,14.1227445602417,23.3660678863525,44.6998023986816,58.063533782959,65.3039932250977,26.8887233734131,42.3635635375977,49.0707664489746,38.0133056640625,51.6245765686035,50.323314666748,24.3396644592285,48.0859832763672,54.9798965454102,44.7497825622559,29.0332336425781,41.7281494140625,56.2698707580566,57.3672409057617,77.8125457763672,115.103309631348,51.6561813354492,77.6385726928711,69.8735046386719,29.7279415130615,37.1760520935059,46.8113136291504,62.5554351806641,64.9785308837891,15.7358484268188,37.5360946655273,39.6016159057617,30.9194984436035
1997,16.5011653900146,13.1355304718018,99.1888961791992,86.3417053222656,130.999038696289,66.702751159668,82.1358261108398,32.2038307189941,88.8646850585938,183.321502685547,95.7376403808594,99.1888961791992,91.4822082519531,174.682098388672,133.426727294922,159.170639038086,174.682098388672,153.730667114258,49.7896156311035,49.7896156311035,178.912582397461,178.912582397461,121.259178161621,168.928329467773,133.426727294922,164.70329284668,138.006210327148,143.67366027832,6.05360221862793,7.06281042098999,5.5098819732666,16.5011653900146,10.7575416564941,28.2508068084717,45.4592170715332,84.8249740600586,11.9547262191772,13.1355304718018,22.5519104003906,41.2460784912109,62.6340675354004,110.371971130371,21.2891731262207,11.8772573471069,38.545036315918,19.8507308959961,35.1328926086426,32.2038307189941,82.1358261108398,86.3417053222656,49.7896156311035,66.702751159668,99.1888961791992,125.927391052246,47.1488456726074,130.999038696289,170.312805175781,194.199523925781,174.682098388672,146.693481445312,95.7376403808594,120.4794921875,91.4822082519531,88.8646850585938,116.391242980957,193.01123046875,183.321502685547,153.730667114258,118.849136352539,96.7293472290039,78.5200042724609,92.5294036865234,123.323249816895,177.309432983398,146.431076049805,75.3971939086914,105.458755493164,133.426727294922,159.170639038086,142.296691894531,97.5186386108398,91.4314193725586,164.70329284668,216.332168579102,168.928329467773,83.3484802246094,104.951538085938,155.957763671875,138.006210327148,161.049087524414,178.912582397461,113.840454101562,121.259178161621,143.67366027832
1998,50.8431282043457,104.941986083984,111.546333312988,222.761276245117,274.392700195312,174.747573852539,158.147796630859,116.873840332031,302.517120361328,238.026809692383,207.118850708008,111.546333312988,217.303924560547,126.216285705566,178.196655273438,229.871612548828,126.216285705566,282.211975097656,144.842544555664,144.842544555664,143.638488769531,143.638488769531,265.820404052734,258.184600830078,178.196655273438,380.919128417969,314.772644042969,344.206939697266,26.5179138183594,26.2843818664551,27.1029644012451,50.8431282043457,37.4068222045898,106.158515930176,64.5347366333008,153.588256835938,70.3719635009766,104.941986083984,113.365600585938,146.812973022461,193.355926513672,349.781982421875,100.326232910156,88.3384246826172,157.098388671875,118.340446472168,140.640335083008,116.873840332031,158.147796630859,222.761276245117,144.842544555664,174.747573852539,111.546333312988,307.100006103516,132.735076904297,274.392700195312,413.43310546875,380.813079833984,126.216285705566,180.093551635742,207.118850708008,236.294128417969,217.303924560547,302.517120361328,300.847473144531,264.051635742188,238.026809692383,282.211975097656,339.198913574219,460.889099121094,318.896240234375,233.435577392578,256.910827636719,490.421752929688,242.59309387207,136.716033935547,175.818023681641,178.196655273438,229.871612548828,191.683670043945,155.713073730469,193.791458129883,380.919128417969,219.614181518555,258.184600830078,189.475540161133,302.932800292969,395.655426025391,314.772644042969,226.857864379883,143.638488769531,259.723449707031,265.820404052734,344.206939697266
1999,10.3207330703735,14.7467203140259,71.7614364624023,53.3751945495605,54.9274368286133,48.8379669189453,59.2971992492676,28.5913791656494,71.1077575683594,52.6604156494141,58.1308746337891,71.7614364624023,101.617485046387,127.55933380127,141.22119140625,206.990936279297,127.55933380127,109.319351196289,42.4495086669922,42.4495086669922,51.6213188171387,51.6213188171387,85.1892166137695,179.660659790039,141.22119140625,92.6194305419922,132.434341430664,82.067268371582,11.182933807373,9.96219062805176,11.7514305114746,10.3207330703735,12.2820644378662,23.6844921112061,34.9651756286621,72.5072708129883,16.9758358001709,14.7467203140259,23.2816696166992,26.1603717803955,61.2328071594238,91.0909271240234,19.3439350128174,14.3774795532227,37.8757171630859,18.2890701293945,36.1336250305176,28.5913791656494,59.2971992492676,53.3751945495605,42.4495086669922,48.8379669189453,71.7614364624023,106.66756439209,41.0350532531738,54.9274368286133,106.908912658691,120.19554901123,127.55933380127,59.4700469970703,58.1308746337891,84.9664764404297,101.617485046387,71.1077575683594,97.059944152832,103.504806518555,52.6604156494141,109.319351196289,124.165367126465,145.821807861328,121.252456665039,95.8222351074219,95.1681442260742,189.6015625,202.594039916992,101.160606384277,91.6179046630859,141.22119140625,206.990936279297,188.207595825195,95.0619735717773,90.7712860107422,92.6194305419922,105.391891479492,179.660659790039,58.5758018493652,68.2528076171875,82.0619125366211,132.434341430664,94.7839050292969,51.6213188171387,75.3688278198242,85.1892166137695,82.067268371582
2000,13.5529069900513,23.511116027832,27.1032791137695,74.5852966308594,97.2151641845703,70.5414505004883,45.1561737060547,34.0443954467773,155.360046386719,30.9822025299072,28.5366096496582,27.1032791137695,45.6409912109375,23.0662727355957,100.675102233887,114.813659667969,23.0662727355957,41.6262283325195,30.7414836883545,30.7414836883545,29.926456451416,29.926456451416,20.3746929168701,75.0485076904297,100.675102233887,56.2007865905762,78.8745498657227,49.1034698486328,26.3158111572266,12.3809652328491,11.0366640090942,13.5529069900513,15.8902072906494,36.3159255981445,45.0612297058105,60.4517936706543,18.687313079834,23.511116027832,18.6200885772705,31.9740047454834,46.1281204223633,79.1653137207031,32.7056007385254,10.0004425048828,24.314022064209,14.9845333099365,20.5679836273193,34.0443954467773,45.1561737060547,74.5852966308594,30.7414836883545,70.5414505004883,27.1032791137695,52.5885009765625,18.2616100311279,97.2151641845703,80.973258972168,76.2304992675781,23.0662727355957,38.5577545166016,28.5366096496582,45.591251373291,45.6409912109375,155.360046386719,191.37451171875,109.126892089844,30.9822025299072,41.6262283325195,44.986743927002,98.3669815063477,185.360946655273,184.863357543945,107.557662963867,80.5189895629883,148.604309082031,131.153244018555,73.7694473266602,100.675102233887,114.813659667969,155.968292236328,143.397354125977,87.5134506225586,56.2007865905762,85.5576248168945,75.0485076904297,23.5496158599854,19.1370239257812,43.5264511108398,78.8745498657227,63.51806640625,29.926456451416,16.7926158905029,20.3746929168701,49.1034698486328
2001,24.3870697021484,27.6616516113281,67.9964370727539,56.4584770202637,82.8978729248047,60.6290054321289,69.4284744262695,42.6007270812988,91.9794158935547,104.809150695801,73.4145889282227,67.9964370727539,85.2792053222656,81.6244049072266,74.933952331543,77.5209426879883,81.6244049072266,74.7266311645508,53.1665534973145,53.1665534973145,94.3964157104492,94.3964157104492,46.6577682495117,57.1151275634766,74.933952331543,97.0404434204102,102.692817687988,67.3222808837891,24.478666305542,25.9938278198242,22.9092311859131,24.3870697021484,38.7371025085449,42.1948432922363,70.8281707763672,77.8649444580078,23.8740348815918,27.6616516113281,34.9480171203613,43.9370307922363,65.5942687988281,92.3149032592773,25.0007667541504,19.9113521575928,56.8879852294922,30.9122276306152,44.7934379577637,42.6007270812988,69.4284744262695,56.4584770202637,53.1665534973145,60.6290054321289,67.9964370727539,82.4518356323242,48.7778129577637,82.8978729248047,84.1531143188477,113.849853515625,81.6244049072266,103.612205505371,73.4145889282227,68.8914794921875,85.2792053222656,91.9794158935547,91.8747100830078,102.820472717285,104.809150695801,74.7266311645508,67.9168930053711,84.2828369140625,69.8840026855469,64.0601348876953,97.1937484741211,85.839225769043,61.3152198791504,71.5837020874023,98.3532333374023,74.933952331543,77.5209426879883,84.6251678466797,105.187599182129,119.039115905762,97.0404434204102,73.8792495727539,57.1151275634766,62.3913345336914,46.0968971252441,57.0686721801758,102.692817687988,91.8243103027344,94.3964157104492,39.173225402832,46.6577682495117,67.3222808837891
2002,40.8985481262207,51.4865570068359,57.8179817199707,116.119995117188,126.015350341797,169.861968994141,88.0932540893555,90.8649673461914,85.5460586547852,152.640640258789,87.2467193603516,57.8179817199707,95.9595489501953,112.958351135254,265.985778808594,348.641143798828,112.958351135254,128.345886230469,119.197395324707,119.197395324707,128.123718261719,128.123718261719,87.6059036254883,349.092712402344,265.985778808594,170.717956542969,198.379196166992,117.61750793457,44.0702171325684,34.7271347045898,51.7208671569824,40.8985481262207,56.2567749023438,79.9837036132812,106.5712890625,155.318832397461,40.4368782043457,51.4865570068359,69.8574981689453,77.0306777954102,135.755004882812,222.222473144531,53.1604461669922,48.999137878418,58.5224342346191,47.4887924194336,62.8013687133789,90.8649673461914,88.0932540893555,116.119995117188,119.197395324707,169.861968994141,57.8179817199707,216.208068847656,75.0556106567383,126.015350341797,221.317031860352,254.866333007812,112.958351135254,83.8373641967773,87.2467193603516,101.005424499512,95.9595489501953,85.5460586547852,189.640930175781,194.578979492188,152.640640258789,128.345886230469,135.219543457031,226.929275512695,98.6554260253906,200.482070922852,191.701385498047,428.324066162109,161.142288208008,223.996627807617,211.101699829102,265.985778808594,348.641143798828,192.686187744141,223.02880859375,311.393005371094,170.717956542969,166.529418945312,349.092712402344,72.8877563476562,87.9303894042969,114.115570068359,198.379196166992,209.463317871094,128.123718261719,89.4681549072266,87.6059036254883,117.61750793457
2003,3.84592247009277,4.48185873031616,12.1651153564453,22.8980674743652,28.1940174102783,17.6601543426514,41.7522583007812,9.84328651428223,62.8904762268066,21.2549114227295,17.2855396270752,12.1651153564453,55.5592079162598,27.4992618560791,35.6126518249512,48.3333969116211,27.4992618560791,23.3861255645752,12.6406917572021,12.6406917572021,24.8447589874268,24.8447589874268,29.7385940551758,52.978946685791,35.6126518249512,32.2282524108887,47.5814819335938,23.6869010925293,7.49195432662964,4.22802639007568,3.16158628463745,3.84592247009277,6.02530765533447,4.52645063400269,8.70397090911865,14.7570877075195,3.38000440597534,4.48185873031616,13.0928373336792,10.6629657745361,13.1913080215454,50.7092590332031,4.03778886795044,4.44777774810791,8.37171268463135,6.69354963302612,10.0497484207153,9.84328651428223,41.7522583007812,22.8980674743652,12.6406917572021,17.6601543426514,12.1651153564453,51.4093055725098,13.1033067703247,28.1940174102783,46.907356262207,82.6589736938477,27.4992618560791,12.672435760498,17.2855396270752,21.8839454650879,55.5592079162598,62.8904762268066,83.7586517333984,76.1889419555664,21.2549114227295,23.3861255645752,45.6928100585938,71.8288192749023,93.69091796875,73.9332885742188,57.2074279785156,81.288459777832,69.1636734008789,45.868595123291,41.9625663757324,35.6126518249512,48.3333969116211,45.8255424499512,46.3976974487305,33.0166473388672,32.2282524108887,52.8059883117676,52.978946685791,20.3107376098633,27.8585166931152,28.3130798339844,47.5814819335938,50.3629760742188,24.8447589874268,20.9635353088379,29.7385940551758,23.6869010925293
2004,5.76848220825195,5.94130563735962,25.5380249023438,24.9578952789307,62.3235549926758,24.849853515625,27.0045871734619,24.0599956512451,68.6528625488281,29.4013347625732,23.7925453186035,25.5380249023438,33.7387275695801,43.6044998168945,103.996643066406,111.794166564941,43.6044998168945,26.6270847320557,32.6873168945312,32.6873168945312,34.7773704528809,34.7773704528809,19.578763961792,45.3062896728516,103.996643066406,30.4252433776855,46.0205459594727,33.3810729980469,3.43606209754944,3.91727781295776,4.03783464431763,5.76848220825195,4.82290315628052,6.49289703369141,20.9921760559082,34.1239204406738,5.87483072280884,5.94130563735962,12.3179950714111,11.3193597793579,16.4541263580322,20.092565536499,6.43750619888306,5.63592863082886,13.8171529769897,10.8214349746704,14.5311994552612,24.0599956512451,27.0045871734619,24.9578952789307,32.6873168945312,24.849853515625,25.5380249023438,35.3608894348145,18.5161190032959,62.3235549926758,52.4816436767578,33.6169052124023,43.6044998168945,21.8857593536377,23.7925453186035,44.9140357971191,33.7387275695801,68.6528625488281,58.9424095153809,47.3525733947754,29.4013347625732,26.6270847320557,95.1974182128906,106.571517944336,86.1464996337891,57.0292205810547,33.6373443603516,63.5064888000488,44.1545104980469,24.794605255127,33.2292938232422,103.996643066406,111.794166564941,48.6072692871094,38.6657066345215,44.0265884399414,30.4252433776855,40.7229690551758,45.3062896728516,21.9224605560303,35.1465950012207,56.1588706970215,46.0205459594727,56.1011123657227,34.7773704528809,25.9822463989258,19.578763961792,33.3810729980469
2005,11.554949760437,10.1556711196899,14.4273490905762,19.3770198822021,37.8662528991699,27.26953125,14.0775136947632,14.4097900390625,64.0048522949219,23.4860725402832,28.3684997558594,14.4273490905762,46.7011413574219,28.9623832702637,57.8916053771973,53.9311370849609,28.9623832702637,39.1370735168457,21.0460815429688,21.0460815429688,29.0340824127197,29.0340824127197,30.7125148773193,52.5643730163574,57.8916053771973,24.872953414917,39.0828742980957,31.2545490264893,5.10025453567505,10.0752277374268,7.63491201400757,11.554949760437,13.1087894439697,13.9142360687256,20.1090068817139,29.9842395782471,11.0379543304443,10.1556711196899,7.75502347946167,11.5170869827271,18.6807670593262,28.8046245574951,13.9082508087158,6.49719142913818,10.9096441268921,11.7429332733154,8.11007118225098,14.4097900390625,14.0775136947632,19.3770198822021,21.0460815429688,27.26953125,14.4273490905762,47.4728851318359,14.7233772277832,37.8662528991699,38.15966796875,70.9978713989258,28.9623832702637,14.0204477310181,28.3684997558594,48.5403938293457,46.7011413574219,64.0048522949219,73.4389266967773,84.4264297485352,23.4860725402832,39.1370735168457,34.0939598083496,50.4825096130371,54.1013984680176,54.5297317504883,75.6172332763672,61.523365020752,29.8839149475098,32.6129951477051,59.3171234130859,57.8916053771973,53.9311370849609,47.8320846557617,117.249931335449,132.106750488281,24.872953414917,40.3281059265137,52.5643730163574,29.5768852233887,38.4696617126465,38.6477966308594,39.0828742980957,36.0056343078613,29.0340824127197,19.3446731567383,30.7125148773193,31.2545490264893
2006,11.7984619140625,14.3528308868408,59.8454132080078,127.788299560547,165.331283569336,122.838661193848,58.2456703186035,41.9928092956543,120.64916229248,162.239212036133,112.001235961914,59.8454132080078,84.8435974121094,77.1056060791016,150.387451171875,139.858169555664,77.1056060791016,247.663208007812,60.554859161377,60.554859161377,57.205509185791,57.205509185791,50.0148544311523,152.443511962891,150.387451171875,166.464126586914,98.4357070922852,55.2694702148438,7.57017803192139,8.20198440551758,16.2811450958252,11.7984619140625,23.8268737792969,21.9612617492676,24.7422218322754,61.9061050415039,10.2976408004761,14.3528308868408,30.7788982391357,26.9082527160645,50.8695640563965,119.009895324707,16.2542972564697,19.2466526031494,47.2949180603027,38.7828979492188,42.9974822998047,41.9928092956543,58.2456703186035,127.788299560547,60.554859161377,122.838661193848,59.8454132080078,115.671852111816,42.008487701416,165.331283569336,204.855819702148,106.546363830566,77.1056060791016,109.014221191406,112.001235961914,74.5744857788086,84.8435974121094,120.64916229248,212.643829345703,226.309371948242,162.239212036133,247.663208007812,182.834106445312,103.636871337891,123.961051940918,134.285690307617,148.725830078125,170.458129882812,134.95930480957,92.7357482910156,77.5842895507812,150.387451171875,139.858169555664,124.732498168945,74.9766540527344,107.666206359863,166.464126586914,140.003265380859,152.443511962891,43.3982238769531,43.4701385498047,82.6714782714844,98.4357070922852,136.784332275391,57.205509185791,65.9724197387695,50.0148544311523,55.2694702148438
2007,11.87939453125,17.4057178497314,30.6525573730469,61.192310333252,68.0373992919922,52.6903800964355,54.3908843994141,31.1608791351318,59.5970649719238,42.2136917114258,64.239013671875,30.6525573730469,70.5462951660156,30.9684448242188,62.62646484375,83.8743362426758,30.9684448242188,61.6515007019043,43.6829223632812,43.6829223632812,30.4969120025635,30.4969120025635,29.2233848571777,85.6088104248047,62.62646484375,43.9182014465332,54.2775459289551,33.1735763549805,12.4212312698364,11.5094470977783,15.0439472198486,11.87939453125,18.930965423584,26.7391700744629,30.4023017883301,37.4638023376465,12.7612724304199,17.4057178497314,24.2191066741943,27.3157444000244,34.251594543457,38.695671081543,16.8774795532227,16.5457592010498,31.8548278808594,25.6558742523193,28.256628036499,31.1608791351318,54.3908843994141,61.192310333252,43.6829223632812,52.6903800964355,30.6525573730469,48.7135467529297,43.277961730957,68.0373992919922,59.663501739502,99.3823471069336,30.9684448242188,29.1354827880859,64.239013671875,74.5499038696289,70.5462951660156,59.5970649719238,73.9076843261719,149.234771728516,42.2136917114258,61.6515007019043,66.4853515625,84.9785614013672,65.4564437866211,58.9574127197266,139.094970703125,66.8744049072266,85.0811996459961,52.4889869689941,101.376434326172,62.62646484375,83.8743362426758,101.111434936523,73.9172439575195,79.2548522949219,43.9182014465332,64.9244766235352,85.6088104248047,39.9818916320801,36.7181854248047,38.9397392272949,54.2775459289551,61.5584449768066,30.4969120025635,33.2076377868652,29.2233848571777,33.1735763549805
2008,68.4483489990234,98.6808853149414,74.01171875,100.545921325684,278.102630615234,177.585418701172,55.7041931152344,86.9519424438477,392.282775878906,224.413330078125,242.932571411133,74.01171875,128.977294921875,62.9312591552734,307.382080078125,220.23323059082,62.9312591552734,513.648559570312,151.883041381836,151.883041381836,64.9111557006836,64.9111557006836,52.719165802002,474.754516601562,307.382080078125,320.078308105469,322.873413085938,108.599792480469,36.7636756896973,46.418212890625,37.8194694519043,68.4483489990234,53.0896530151367,66.0332412719727,53.414421081543,77.9136734008789,79.9941558837891,98.6808853149414,105.494453430176,78.5598831176758,88.9811096191406,246.713897705078,107.282081604004,113.457061767578,51.0580902099609,89.9341888427734,54.1070709228516,86.9519424438477,55.7041931152344,100.545921325684,151.883041381836,177.585418701172,74.01171875,282.965087890625,47.8655548095703,278.102630615234,508.45703125,374.552459716797,62.9312591552734,114.834320068359,242.932571411133,111.292060852051,128.977294921875,392.282775878906,560.5546875,327.445281982422,224.413330078125,513.648559570312,452.321624755859,150.826248168945,153.344940185547,373.848022460938,281.720001220703,250.106063842773,261.187652587891,247.389862060547,269.255554199219,307.382080078125,220.23323059082,267.331573486328,127.743232727051,157.926376342773,320.078308105469,529.813171386719,474.754516601562,43.5737457275391,68.2341537475586,169.825149536133,322.873413085938,366.015014648438,64.9111557006836,53.041015625,52.719165802002,108.599792480469
2009,25.7580814361572,27.2886047363281,53.1850700378418,93.2225723266602,139.352874755859,105.781211853027,71.5315475463867,49.2137908935547,172.70491027832,58.187313079834,62.7299652099609,53.1850700378418,104.88745880127,53.674991607666,151.969329833984,232.752258300781,53.674991607666,70.8628768920898,56.2565040588379,56.2565040588379,67.8619079589844,67.8619079589844,61.127254486084,85.1015701293945,151.969329833984,54.7888259887695,73.1542816162109,58.5293045043945,10.9717779159546,13.261302947998,11.0456161499023,25.7580814361572,26.3557929992676,45.2514305114746,50.1728553771973,99.9281539916992,23.0089168548584,27.2886047363281,37.2939414978027,49.0940322875977,107.312362670898,135.650909423828,13.8844566345215,24.3128433227539,51.8376617431641,40.616096496582,47.2217674255371,49.2137908935547,71.5315475463867,93.2225723266602,56.2565040588379,105.781211853027,53.1850700378418,172.744918823242,59.6158714294434,139.352874755859,204.629043579102,244.918151855469,53.674991607666,53.3669471740723,62.7299652099609,81.7431869506836,104.88745880127,172.70491027832,197.134063720703,203.745971679688,58.187313079834,70.8628768920898,93.0249557495117,171.169662475586,174.23762512207,168.743698120117,128.650054931641,182.596878051758,211.113098144531,121.419059753418,81.5707931518555,151.969329833984,232.752258300781,180.036331176758,105.888160705566,68.4719619750977,54.7888259887695,99.7305908203125,85.1015701293945,81.1309204101562,65.8684616088867,58.7995338439941,73.1542816162109,127.292778015137,67.8619079589844,62.245849609375,61.127254486084,58.5293045043945
2010,18.8812942504883,47.1024017333984,62.0685768127441,64.9133453369141,64.9910354614258,77.0238189697266,50.6045417785645,63.9036178588867,81.7400512695312,58.0817832946777,77.6747512817383,62.0685768127441,134.890838623047,51.5942001342773,88.1303558349609,81.0829010009766,51.5942001342773,72.4303741455078,62.1596221923828,62.1596221923828,59.5632247924805,59.5632247924805,70.525016784668,115.854309082031,88.1303558349609,70.2756576538086,123.231643676758,86.8699188232422,3.4276487827301,14.1983861923218,5.25035572052002,18.8812942504883,12.225399017334,13.7984638214111,20.1617031097412,41.519962310791,39.5185699462891,47.1024017333984,67.1066970825195,37.3704719543457,25.0977745056152,49.9650344848633,65.9491958618164,65.7153244018555,93.0572357177734,70.1101989746094,70.2742080688477,63.9036178588867,50.6045417785645,64.9133453369141,62.1596221923828,77.0238189697266,62.0685768127441,116.281951904297,69.1768035888672,64.9910354614258,95.7218170166016,338.004821777344,51.5942001342773,46.9284057617188,77.6747512817383,80.4024047851562,134.890838623047,81.7400512695312,233.351669311523,319.540100097656,58.0817832946777,72.4303741455078,106.711708068848,154.772079467773,213.776977539062,207.502578735352,240.169860839844,178.808975219727,182.318984985352,97.0425720214844,119.24683380127,88.1303558349609,81.0829010009766,72.8977127075195,72.1504745483398,77.4108581542969,70.2756576538086,129.558059692383,115.854309082031,47.6741333007812,72.3251571655273,76.549072265625,123.231643676758,101.277793884277,59.5632247924805,62.684627532959,70.525016784668,86.8699188232422
2011,5.66005706787109,9.19542121887207,13.6740655899048,32.5279197692871,35.9211959838867,36.3977661132812,34.7269248962402,17.282600402832,50.2218322753906,27.461296081543,19.1582527160645,13.6740655899048,34.7475967407227,14.5728569030762,77.0175247192383,344.654846191406,14.5728569030762,49.8115501403809,36.471851348877,36.471851348877,12.5448589324951,12.5448589324951,38.5712432861328,87.0783615112305,77.0175247192383,36.5396003723145,30.3125743865967,38.7267990112305,10.8062543869019,6.00688886642456,6.15783357620239,5.66005706787109,7.77057933807373,19.0243816375732,36.6039505004883,82.0298614501953,6.75721120834351,9.19542121887207,16.046257019043,16.9436206817627,35.0582275390625,70.6937942504883,13.5145740509033,7.41728162765503,17.074893951416,13.760217666626,19.8928508758545,17.282600402832,34.7269248962402,32.5279197692871,36.471851348877,36.3977661132812,13.6740655899048,110.904365539551,18.7276020050049,35.9211959838867,100.729919433594,117.628707885742,14.5728569030762,12.007209777832,19.1582527160645,52.5884780883789,34.7475967407227,50.2218322753906,108.39737701416,112.600730895996,27.461296081543,49.8115501403809,85.7305755615234,80.3398132324219,137.517608642578,150.832885742188,124.662818908691,229.208694458008,249.722229003906,190.309616088867,167.331558227539,77.0175247192383,344.654846191406,309.001403808594,175.015991210938,189.620712280273,36.5396003723145,58.6969795227051,87.0783615112305,41.8548393249512,31.5534839630127,42.5171356201172,30.3125743865967,51.1321182250977,12.5448589324951,28.3285217285156,38.5712432861328,38.7267990112305
2012,35.8874244689941,52.5714797973633,45.8377227783203,165.986083984375,180.140625,83.902587890625,63.4437103271484,46.9623374938965,134.06462097168,62.4025039672852,46.1733741760254,45.8377227783203,131.660369873047,48.7114639282227,166.304977416992,255.312103271484,48.7114639282227,74.7134628295898,58.6694297790527,58.6694297790527,41.7649459838867,41.7649459838867,55.8520965576172,161.610046386719,166.304977416992,104.877960205078,129.865478515625,93.221809387207,15.7513704299927,19.7633743286133,12.2673749923706,35.8874244689941,23.879487991333,68.9789581298828,87.4957427978516,192.02978515625,33.3389625549316,52.5714797973633,44.3629455566406,97.3934478759766,189.653091430664,195.360794067383,20.6281585693359,27.4460258483887,35.5716438293457,31.6858978271484,39.0773658752441,46.9623374938965,63.4437103271484,165.986083984375,58.6694297790527,83.902587890625,45.8377227783203,122.279174804688,41.6841163635254,180.140625,241.89582824707,154.358245849609,48.7114639282227,32.9048080444336,46.1733741760254,103.558372497559,131.660369873047,134.06462097168,230.053649902344,155.474151611328,62.4025039672852,74.7134628295898,96.1575927734375,185.19499206543,145.368377685547,165.653305053711,123.010604858398,282.189025878906,198.456405639648,162.916564941406,94.1726455688477,166.304977416992,255.312103271484,212.819610595703,177.754837036133,106.942428588867,104.877960205078,90.6655883789062,161.610046386719,79.0731430053711,82.9769821166992,78.6639785766602,129.865478515625,102.31428527832,41.7649459838867,88.1893768310547,55.8520965576172,93.221809387207
2013,22.9390392303467,23.6488265991211,37.918830871582,76.6989593505859,77.7493057250977,61.1720733642578,35.8755798339844,23.3679027557373,63.505443572998,43.682933807373,41.7604484558105,37.918830871582,51.3469200134277,39.0581016540527,101.615669250488,59.427547454834,39.0581016540527,48.4160652160645,35.2874984741211,35.2874984741211,37.1120948791504,37.1120948791504,48.1401062011719,69.8689804077148,101.615669250488,76.9521942138672,174.753723144531,48.6356086730957,14.8480854034424,12.3027362823486,10.1643505096436,22.9390392303467,25.849292755127,42.7151794433594,58.7030563354492,87.2525405883789,17.322961807251,23.6488265991211,29.4253768920898,39.3501434326172,68.4623489379883,79.0279159545898,48.5750198364258,38.3272399902344,25.9937953948975,30.3464832305908,19.7605838775635,23.3679027557373,35.8755798339844,76.6989593505859,35.2874984741211,61.1720733642578,37.918830871582,103.895439147949,24.1810245513916,77.7493057250977,95.6807403564453,130.210189819336,39.0581016540527,34.8144645690918,41.7604484558105,50.6501998901367,51.3469200134277,63.505443572998,90.1524353027344,132.352111816406,43.682933807373,48.4160652160645,42.4768447875977,44.1420745849609,64.6761169433594,63.2967376708984,112.076713562012,44.8389472961426,39.1290092468262,39.8490943908691,76.9922256469727,101.615669250488,59.427547454834,46.4753799438477,57.8401870727539,71.9164123535156,76.9521942138672,84.224365234375,69.8689804077148,43.0072402954102,59.9033012390137,97.5899200439453,174.753723144531,148.371810913086,37.1120948791504,35.6702270507812,48.1401062011719,48.6356086730957
2014,6.49101161956787,12.0068769454956,16.8603858947754,25.1001319885254,20.3291988372803,21.9031734466553,31.7315788269043,13.6625509262085,14.0403099060059,18.9305095672607,15.3417797088623,16.8603858947754,14.4078779220581,11.1001634597778,25.9758834838867,29.3341064453125,11.1001634597778,25.6262912750244,15.4180669784546,15.4180669784546,10.0326833724976,10.0326833724976,21.2835464477539,36.8646469116211,25.9758834838867,28.8887100219727,28.138879776001,16.0093536376953,5.3307056427002,5.17911291122437,2.63764762878418,6.49101161956787,3.3520872592926,7.99005222320557,4.14443731307983,6.57371950149536,9.00596141815186,12.0068769454956,12.1345119476318,13.4810171127319,8.60295391082764,28.4502964019775,9.7577657699585,11.1132459640503,8.20328712463379,9.41381359100342,8.04015636444092,13.6625509262085,31.7315788269043,25.1001319885254,15.4180669784546,21.9031734466553,16.8603858947754,20.8309764862061,9.64649868011475,20.3291988372803,43.8353729248047,32.135181427002,11.1001634597778,8.41498851776123,15.3417797088623,23.4316654205322,14.4078779220581,14.0403099060059,36.4962005615234,25.3190307617188,18.9305095672607,25.6262912750244,23.4115447998047,43.9916191101074,36.2749710083008,29.2227172851562,21.2670822143555,42.9696159362793,32.0271453857422,18.420431137085,15.8559331893921,25.9758834838867,29.3341064453125,24.1840057373047,22.9390029907227,26.3681449890137,28.8887100219727,41.7270965576172,36.8646469116211,48.7572250366211,36.6563835144043,43.130859375,28.138879776001,26.7879867553711,10.0326833724976,31.9597034454346,21.2835464477539,16.0093536376953
2015,7.8909649848938,15.3892526626587,28.9943618774414,57.8937149047852,93.0472793579102,140.948120117188,100.469223022461,51.8993835449219,148.4697265625,86.4882049560547,66.5918655395508,28.9943618774414,132.829238891602,47.1034469604492,104.852149963379,91.6726837158203,47.1034469604492,87.3955535888672,64.4170684814453,64.4170684814453,54.2686500549316,54.2686500549316,48.4825325012207,105.320167541504,104.852149963379,113.614158630371,148.367462158203,61.8548774719238,2.29736876487732,4.16430807113647,2.71280717849731,7.8909649848938,8.31254100799561,16.9605960845947,20.5872554779053,45.9389953613281,9.4979419708252,15.3892526626587,36.0207443237305,35.4429206848145,30.6634960174561,68.3656387329102,21.3420028686523,15.445764541626,31.9173450469971,29.6801300048828,35.5191116333008,51.8993835449219,100.469223022461,57.8937149047852,64.4170684814453,140.948120117188,28.9943618774414,74.2354049682617,40.2801818847656,93.0472793579102,133.838455200195,104.373634338379,47.1034469604492,63.036735534668,66.5918655395508,65.3519515991211,132.829238891602,148.4697265625,161.660873413086,189.119125366211,86.4882049560547,87.3955535888672,101.51789855957,122.846267700195,120.670402526855,117.88501739502,133.50456237793,102.335861206055,123.832534790039,97.1677169799805,90.6319198608398,104.852149963379,91.6726837158203,135.04069519043,114.839416503906,118.315307617188,113.614158630371,137.409027099609,105.320167541504,41.6141929626465,39.230224609375,86.9577789306641,148.367462158203,245.43977355957,54.2686500549316,41.5446968078613,48.4825325012207,61.8548774719238
2016,59.4990921020508,47.8972511291504,86.1579895019531,133.037322998047,146.456848144531,78.2838592529297,75.34814453125,56.0501747131348,168.947402954102,99.7672653198242,126.469802856445,86.1579895019531,164.571441650391,97.3805694580078,89.5320129394531,185.322952270508,97.3805694580078,184.876388549805,83.1623764038086,83.1623764038086,92.3072662353516,92.3072662353516,123.546829223633,136.621459960938,89.5320129394531,125.235343933105,105.008079528809,128.739822387695,10.1276397705078,48.0542526245117,20.7763423919678,59.4990921020508,45.8478584289551,51.7126235961914,57.4493217468262,85.7173080444336,63.0694046020508,47.8972511291504,29.2159671783447,52.46142578125,81.3957138061523,178.167617797852,71.1400985717773,29.4691143035889,55.3122444152832,32.4255180358887,46.9785957336426,56.0501747131348,75.34814453125,133.037322998047,83.1623764038086,78.2838592529297,86.1579895019531,143.719848632812,79.5816650390625,146.456848144531,213.525909423828,222.440475463867,97.3805694580078,68.7890319824219,126.469802856445,200.245574951172,164.571441650391,168.947402954102,211.132629394531,277.485565185547,99.7672653198242,184.876388549805,265.749877929688,237.955581665039,198.627014160156,177.544677734375,174.489822387695,191.218856811523,125.631706237793,93.8910064697266,79.1227569580078,89.5320129394531,185.322952270508,144.182525634766,89.4772262573242,105.294853210449,125.235343933105,144.274948120117,136.621459960938,71.9003677368164,110.152824401855,123.113632202148,105.008079528809,107.7451171875,92.3072662353516,107.323379516602,123.546829223633,128.739822387695
