AÑO,E1,E2,E3,E4,E5,E6,E7,E8,E9,E10,E11,E12,E13,E14,E15,E16,E17,E18,E19,E20,E21,E22,E23,E24,E25,E26,E27,E28,E29,E30,E31,E32,E33,E34,E35,E36,E37,E38,E39,E40,E41,E42,E43,E44,E45,E46,E47,E48,E49,E50,E51,E52,E53,E54,E55,E56,E57,E58,E59,E60,E61,E62,E63,E64,E65,E66,E67,E68,E69,E70,E71,E72,E73,E74,E75,E76,E77,E78,E79,E80,E81,E82,E83,E84,E85,E86,E87,E88,E89,E90,E91,E92,E93,E94
1981,6.288835049,11.61086845,39.23357773,27.42541313,56.36520004,34.81096268,29.01164818,27.2780304,81.00858307,25.24496651,22.59393311,39.23357773,50.28317642,15.65303135,59.82811737,104.0601044,15.65303135,42.40226746,29.39974213,29.39974213,27.16651154,27.16651154,39.97890472,46.47707748,59.82811737,48.07302475,50.63006973,62.02280807,5.021112919,6.162377834,4.367197514,6.288835049,4.49933815,9.69034481,6.273742199,12.59296036,9.892573357,11.61086845,16.31856918,14.90787411,22.98981857,47.18288422,18.03834343,13.93463135,23.1198082,17.78891182,17.82174683,27.2780304,29.01164818,27.42541313,29.39974213,34.81096268,39.23357773,26.66518402,19.32250977,56.36520004,83.42829132,35.87653351,15.65303135,16.83407784,22.59393311,25.19866943,50.28317642,81.00858307,85.99500275,58.41627121,25.24496651,42.40226746,35.59476852,77.99793243,65.62572479,49.80282974,81.06393433,94.63619995,113.5269852,57.40548706,71.74311066,59.82811737,104.0601044,127.9912567,88.79946136,95.42430115,48.07302475,44.13197708,46.47707748,27.72323608,45.2508812,61.04984665,50.63006973,51.99141693,27.16651154,33.20549393,39.97890472,62.02280807
1982,0.775053918,3.017948389,10.65918732,19.49589157,27.73530769,22.65026283,36.24514771,9.219179153,35.83123398,17.09591484,14.13649845,10.65918732,57.95368958,15.61722088,64.05991364,40.94849014,15.61722088,44.06414032,9.668316841,9.668316841,16.16672134,16.16672134,24.99957848,111.560379,64.05991364,38.67173004,50.03377914,24.89557838,0.221974283,0.621975958,0.563314617,0.775053918,1.396782756,5.058631897,4.919842243,12.81311607,1.262726545,3.017948389,7.268084526,9.384879112,15.72165966,20.02326202,3.033339262,2.327754021,4.331109524,4.906852722,4.049512386,9.219179153,36.24514771,19.49589157,9.668316841,22.65026283,10.65918732,11.87451458,4.4375453,27.73530769,15.68203449,16.67420959,15.61722088,9.119371414,14.13649845,19.90870285,57.95368958,35.83123398,24.29574013,17.37724495,17.09591484,44.06414032,63.88051605,54.40124893,40.06601715,34.25911713,31.56825638,65.30848694,39.01347733,38.63550186,68.02418518,64.05991364,40.94849014,31.7373867,50.04513168,65.80941772,38.67173004,88.16734314,111.560379,9.063555717,17.48182869,32.9463768,50.03377914,67.32025909,16.16672134,15.68012047,24.99957848,24.89557838
1983,27.27685165,43.49888229,48.73941803,134.4737701,135.7086792,149.0405426,96.6147995,57.47336578,147.9344482,122.6425247,129.0773468,48.73941803,258.4187927,113.7088928,225.5330048,311.7722778,113.7088928,158.0518341,110.2639694,110.2639694,141.0317535,141.0317535,121.2616272,253.142807,225.5330048,170.5613861,179.4296722,158.2760773,47.13153839,22.26137733,45.91409683,27.27685165,37.30472565,75.91547394,101.4734192,164.0467529,26.41403389,43.49888229,44.72883987,101.744873,109.1268768,142.2135925,35.04823685,28.90824699,68.88345337,38.96576309,78.38359833,57.47336578,96.6147995,134.4737701,110.2639694,149.0405426,48.73941803,175.3697815,95.95438385,135.7086792,284.2572937,286.6580505,113.7088928,91.12273407,129.0773468,150.4599915,258.4187927,147.9344482,217.0745544,188.129715,122.6425247,158.0518341,216.5776672,301.7760315,204.7366333,202.9129333,166.5169983,288.8522034,265.119751,187.6690216,175.7908325,225.5330048,311.7722778,208.4168091,162.4023895,148.7879486,170.5613861,167.1160431,253.142807,145.7929382,203.1802521,161.5555115,179.4296722,144.6442108,141.0317535,80.54610443,121.2616272,158.2760773
1984,13.63715649,14.69767284,12.52505207,47.42625046,62.75204849,44.51464081,30.92041588,21.95022964,53.13130951,57.61472702,37.21217728,12.52505207,50.74132156,23.57065964,89.92286682,68.8468399,23.57065964,85.66924286,32.42722702,32.42722702,29.15777588,29.15777588,29.69547844,90.17352295,89.92286682,72.04264069,82.89940643,31.8059845,8.315406799,5.967749119,4.107892036,13.63715649,19.59068298,19.13436127,38.21028137,46.61112595,13.77961922,14.69767284,22.88251305,13.50037289,24.32132912,77.14253998,14.71517277,17.27573776,17.98589897,23.64492416,21.64999771,21.95022964,30.92041588,47.42625046,32.42722702,44.51464081,12.52505207,46.22751617,30.38290024,62.75204849,79.31568146,75.31645203,23.57065964,15.05841637,37.21217728,35.41434479,50.74132156,53.13130951,90.52450562,69.62641144,57.61472702,85.66924286,83.73687744,69.18415833,68.14703369,114.8181763,75.34036255,70.11292267,60.06406784,110.3406525,83.91744995,89.92286682,68.8468399,37.57479477,68.80731964,107.4292297,72.04264069,102.5327148,90.17352295,24.60116959,42.9196701,41.21533585,82.89940643,102.3319855,29.15777588,31.89229393,29.69547844,31.8059845
1985,1.751817942,3.040746212,11.83910942,13.48745537,22.84444427,24.12920189,14.49090576,13.41241169,31.86075211,7.261693478,18.30995941,11.83910942,31.62061119,10.49333382,9.786968231,15.32243061,10.49333382,10.26961613,22.44706345,22.44706345,1.91456902,1.91456902,0.687688529,9.294748306,9.786968231,9.336278915,6.906945705,3.23447156,0.206845015,1.167912364,1.175618887,1.751817942,1.661032677,3.030709267,7.910713196,12.37512112,1.820732951,3.040746212,6.868841648,6.512331963,5.455789566,13.71903706,2.368880987,3.031094074,9.016717911,7.278687,10.12265587,13.41241169,14.49090576,13.48745537,22.44706345,24.12920189,11.83910942,14.00148392,14.89866161,22.84444427,27.16789055,24.94566345,10.49333382,8.514694214,18.30995941,28.00790977,31.62061119,31.86075211,21.47538567,37.09320068,7.261693478,10.26961613,17.8494873,22.60485077,20.20470428,18.69316101,35.86070251,12.0947876,13.16965103,19.32180023,27.78256607,9.786968231,15.32243061,15.91364956,27.34057617,44.08593369,9.336278915,11.42531586,9.294748306,5.977152824,3.377882004,3.760426283,6.906945705,8.649610519,1.91456902,5.608776093,0.687688529,3.23447156
1986,2.89471364,5.876074314,13.88474178,34.98849869,31.08092499,46.37067795,40.79094696,19.27046013,35.73299789,33.29163742,26.90067101,13.88474178,93.27312469,25.28318405,158.2503815,172.5931854,25.28318405,47.13544846,27.54260063,27.54260063,28.27802086,28.27802086,46.33274841,175.1104126,158.2503815,76.59255219,92.75222015,55.71025848,6.733339787,1.993481755,4.766855717,2.89471364,6.749531269,7.57679081,10.40480232,49.62575531,2.92337203,5.876074314,15.99598789,20.01039696,14.68809891,21.33673859,6.644534111,3.950969458,9.648118973,8.044400215,10.64455891,19.27046013,40.79094696,34.98849869,27.54260063,46.37067795,13.88474178,53.3429718,13.21824932,31.08092499,43.16677475,65.75238037,25.28318405,10.65259933,26.90067101,48.11536789,93.27312469,35.73299789,60.64076233,59.80940247,33.29163742,47.13544846,93.78670502,119.7393188,64.23242188,84.17067719,57.11630249,193.3443756,55.93190765,78.02014923,69.9751358,158.2503815,172.5931854,90.28908539,107.2387543,108.5758286,76.59255219,93.50108337,175.1104126,41.03186798,46.19220734,78.82775879,92.75222015,96.59333038,28.27802086,33.54945755,46.33274841,55.71025848
1987,19.43286705,24.44595909,27.61757469,158.5332031,153.8884583,84.81362915,85.44480133,46.65532303,144.6324158,49.22251892,38.41003418,27.61757469,94.3108902,63.45956421,114.2296066,188.2585907,63.45956421,85.42615509,47.37200546,47.37200546,41.88463211,41.88463211,67.42190552,165.3157043,114.2296066,95.31970215,115.9116211,55.20508194,16.49087715,13.49466991,13.77683258,19.43286705,26.36347961,26.12498856,40.37133026,90.55706787,15.81104279,24.44595909,40.60627747,69.69326782,64.06932831,143.6460876,25.02898216,31.54297447,41.74458694,28.13136101,28.23112106,46.65532303,85.44480133,158.5332031,47.37200546,84.81362915,27.61757469,108.0626373,34.38829422,153.8884583,150.6088867,117.9125214,63.45956421,33.0476799,38.41003418,66.64880371,94.3108902,144.6324158,134.9991455,124.7427063,49.22251892,85.42615509,150.0843811,228.3992462,216.9369965,137.6589813,128.2237091,265.0496826,241.0212097,109.5427551,88.7763443,114.2296066,188.2585907,159.3800354,112.1071472,87.52784729,95.31970215,121.2586823,165.3157043,38.09903336,51.64333344,52.25011444,115.9116211,123.7378387,41.88463211,64.6091156,67.42190552,55.20508194
1988,1.759310126,2.866285086,6.015021801,7.190430641,7.310422421,8.333722115,11.32766342,5.995164394,10.6653223,8.820142746,6.205796719,6.015021801,16.39443207,15.12684631,28.06175232,45.67515182,15.12684631,13.07289696,7.032911301,7.032911301,10.43366051,10.43366051,9.865218163,17.48838234,28.06175232,19.51866722,24.80639076,18.02637863,1.533486366,1.404547095,1.163522363,1.759310126,1.972474575,7.150043488,9.243339539,25.29625702,2.083062172,2.866285086,3.778648138,8.615160942,18.21354485,13.60911083,4.327810287,1.872692347,4.579092503,3.729532719,4.077735424,5.995164394,11.32766342,7.190430641,7.032911301,8.333722115,6.015021801,21.40684128,5.044314861,7.310422421,9.161072731,16.30639267,15.12684631,6.896612167,6.205796719,9.622275352,16.39443207,10.6653223,7.425746918,9.742921829,8.820142746,13.07289696,14.3059082,12.28994179,9.28925705,9.028852463,7.063579559,29.70077896,26.08434868,18.27262688,15.78413296,28.06175232,45.67515182,34.36409378,26.12135315,28.94485855,19.51866722,16.16840363,17.48838234,6.728803635,16.60317612,26.61517334,24.80639076,15.94667149,10.43366051,5.650152206,9.865218163,18.02637863
1989,14.22960472,20.76260567,60.23726654,112.0617828,76.32131958,40.27513123,42.13459778,15.16795444,45.65613937,185.1490326,178.2359772,60.23726654,83.30513,125.7642746,42.7866478,53.26493073,125.7642746,233.0246277,29.20270729,29.20270729,135.9678955,135.9678955,103.9579468,47.48199844,42.7866478,139.6651001,45.0453949,131.2918091,11.11583996,15.18427753,12.97998524,14.22960472,17.41623306,31.37887192,38.52086258,102.0029602,12.76672077,20.76260567,38.58045578,49.34020996,87.71035767,192.0021515,18.26015663,23.06986046,33.85951996,25.01465225,18.14842224,15.16795444,42.13459778,112.0617828,29.20270729,40.27513123,60.23726654,175.2810516,57.93178177,76.32131958,178.9130402,186.0790253,125.7642746,110.8909302,178.2359772,81.8527298,83.30513,45.65613937,97.20194244,100.3637619,185.1490326,233.0246277,103.295517,60.69223404,56.57491684,64.0118103,92.74199677,81.74912262,82.53192139,65.54489136,84.53447723,42.7866478,53.26493073,55.15614319,71.64163971,116.169838,139.6651001,102.0897903,47.48199844,18.65924263,25.57100677,37.44495773,45.0453949,40.84502411,135.9678955,33.55879211,103.9579468,131.2918091
1990,2.1482234,2.047964811,5.938867092,19.07364273,21.23034668,10.20327663,5.629953861,3.463045359,28.99209213,15.47387123,13.3649044,5.938867092,12.00860405,7.369757175,17.95965958,30.43834686,7.369757175,27.15458107,6.109232903,6.109232903,4.457150459,4.457150459,2.77266407,25.22150612,17.95965958,18.63099098,18.71640015,6.843165398,1.488718033,0.845879197,1.293037176,2.1482234,3.645968676,3.584140301,7.413340569,11.24234295,1.725290537,2.047964811,2.884317636,8.417079926,12.800951,26.84591103,2.128374338,1.678390265,3.484863997,2.375590086,3.086013079,3.463045359,5.629953861,19.07364273,6.109232903,10.20327663,5.938867092,20.17966461,4.142336845,21.23034668,21.43324852,12.90880299,7.369757175,9.463677406,13.3649044,9.116913795,12.00860405,28.99209213,36.76111984,32.94327164,15.47387123,27.15458107,32.9306488,29.49618721,26.51981735,24.81669044,20.05952835,23.0443325,18.68762016,26.7794838,20.82277298,17.95965958,30.43834686,30.67614174,45.14793015,24.65300179,18.63099098,24.12667465,25.22150612,4.310040951,6.534194946,9.421478271,18.71640015,21.20072937,4.457150459,6.26804924,2.77266407,6.843165398
1991,3.16302228,6.205263138,22.63658524,20.69637299,23.87590408,24.40502357,28.84565163,27.22483063,27.92740059,49.81525421,25.20970726,22.63658524,40.143013,31.14456177,83.05981445,65.73066711,31.14456177,80.48062134,22.65623283,22.65623283,35.70265579,35.70265579,41.21994781,99.70298004,83.05981445,53.45615005,56.81707382,54.27709198,3.551176548,3.241310835,2.101755619,3.16302228,2.605251312,4.633285046,5.640851974,16.82923317,7.514064312,6.205263138,14.27491093,11.18147659,18.33652115,40.93044662,18.56150246,11.62190056,33.28051376,22.40989685,27.65419769,27.22483063,28.84565163,20.69637299,22.65623283,24.40502357,22.63658524,38.94353867,26.29494858,23.87590408,37.42282486,38.64149857,31.14456177,29.87784195,25.20970726,29.13478088,40.143013,27.92740059,51.60053635,45.25145721,49.81525421,80.48062134,64.46367645,34.97615814,27.3416214,52.96972656,51.39693069,62.18776321,39.93735886,40.41832733,68.93952942,83.05981445,65.73066711,38.06314468,98.0943222,114.9196701,53.45615005,92.77950287,99.70298004,36.24962234,37.56304169,65.4046402,56.81707382,82.24299622,35.70265579,56.83931732,41.21994781,54.27709198
1992,15.91912746,25.96729279,81.89526367,77.64225769,115.7752457,125.4056931,74.77067566,73.99202728,298.9837952,92.9863205,94.40045929,81.89526367,148.3421478,95.88903809,141.0865173,164.274704,95.88903809,173.0843048,106.7607803,106.7607803,79.11328888,79.11328888,121.4747696,203.5687866,141.0865173,145.5610657,230.5005493,74.13706207,26.49760437,12.97763538,11.09389877,15.91912746,12.34567833,43.52334976,49.37454224,111.626358,20.3692379,25.96729279,39.2339859,57.58901596,84.79023743,105.7103424,36.71100235,29.49193382,102.6569138,56.39277649,79.93302155,73.99202728,74.77067566,77.64225769,106.7607803,125.4056931,81.89526367,137.3062439,97.45944977,115.7752457,170.4904022,166.1058044,95.88903809,76.83588409,94.40045929,116.4790115,148.3421478,298.9837952,343.5829163,230.6837463,92.9863205,173.0843048,203.9092865,199.1652832,280.938385,312.2947693,233.2642212,213.9829254,145.5265961,169.7168732,195.5310059,141.0865173,164.274704,164.9961853,232.7190704,193.6831207,145.5610657,235.4812164,203.5687866,87.37901306,105.2447815,79.98690033,230.5005493,165.2363892,79.11328888,151.5703583,121.4747696,74.13706207
1993,13.79292679,11.49447536,31.70975113,51.53861618,63.62285233,58.68547058,37.32903671,37.39341354,83.60437012,41.28172302,46.17215729,31.70975113,76.00318146,30.64709091,61.16764069,90.67205811,30.64709091,80.95040131,49.07671356,49.07671356,37.12988663,37.12988663,59.5021019,94.68030548,61.16764069,113.2929077,149.7245483,73.70323181,8.921636581,9.572096825,10.38302231,13.79292679,11.43716431,21.99650192,30.408741,40.59396744,10.71362209,11.49447536,28.07837105,27.46221924,28.97995377,47.32338333,11.3011322,14.22798824,33.14499664,25.77827644,37.58401108,37.39341354,37.32903671,51.53861618,49.07671356,58.68547058,31.70975113,55.63285446,44.67050934,63.62285233,54.41801453,54.05976486,30.64709091,33.20272446,46.17215729,60.52313232,76.00318146,83.60437012,73.15457916,61.67290497,41.28172302,80.95040131,65.384552,71.79122162,53.40457916,51.36765671,48.3809967,87.44245911,86.36455536,79.79301453,44.34125137,61.16764069,90.67205811,91.61650848,72.60793304,55.13696289,113.2929077,101.835968,94.68030548,54.6276207,37.60592651,128.9619141,149.7245483,63.9389534,37.12988663,85.17819977,59.5021019,73.70323181
1994,7.755337715,12.18042946,57.58384705,52.23571396,131.7951813,84.37841034,45.61314392,38.76485062,117.6708298,29.37955284,39.63330841,57.58384705,51.79686356,44.48923111,178.1510468,191.7679596,44.48923111,48.88438034,34.43495178,34.43495178,21.02921486,21.02921486,31.96422195,206.3096466,178.1510468,32.62327194,37.47219086,50.0691452,6.713899612,5.991814137,6.952967644,7.755337715,9.684804916,11.11445141,19.15827179,63.06908417,5.160199165,12.18042946,25.02215385,21.92691231,43.02129364,108.1540298,7.223608017,9.270494461,28.13640404,27.33159447,37.94659805,38.76485062,45.61314392,52.23571396,34.43495178,84.37841034,57.58384705,136.2887268,39.10314178,131.7951813,75.72135925,157.6822357,44.48923111,30.64403343,39.63330841,57.00251007,51.79686356,117.6708298,161.1307831,116.7346191,29.37955284,48.88438034,150.5039978,126.705307,71.11476135,128.0235138,141.3164215,202.9551086,166.9058075,153.7746277,103.5556412,178.1510468,191.7679596,174.5258636,158.1444702,119.7596512,32.62327194,79.49095917,206.3096466,41.65664673,32.95165634,43.99322128,37.47219086,133.5797424,21.02921486,37.03074646,31.96422195,50.0691452
1995,5.539173603,16.63626099,16.09913826,21.67781639,29.37763214,19.40006447,22.0473175,13.93397713,28.87124443,15.78608704,22.56581116,16.09913826,22.73732758,20.42375565,65.88428497,56.81422806,20.42375565,34.53444672,11.70143604,11.70143604,26.94340134,26.94340134,28.04070282,42.79724884,65.88428497,39.03339767,83.31719208,50.20357895,2.42190671,2.847414017,2.925709963,5.539173603,6.225688934,5.329532623,15.67456913,48.05764389,14.31817722,16.63626099,10.19499397,13.28104782,39.31873322,75.84885406,19.33945084,17.32610703,25.11037445,17.47294044,14.88897991,13.93397713,22.0473175,21.67781639,11.70143604,19.40006447,16.09913826,73.75946045,11.08077431,29.37763214,67.24116516,52.07395172,20.42375565,14.05534554,22.56581116,22.73426247,22.73732758,28.87124443,53.1006546,54.47716522,15.78608704,34.53444672,22.16930962,26.48748779,24.68523788,59.742733,60.09819031,52.83199692,53.83967209,69.28619385,88.63782501,65.88428497,56.81422806,55.28860855,67.60890961,121.7297516,39.03339767,45.116539,42.79724884,29.34177971,42.98163223,62.78695297,83.31719208,69.99692535,26.94340134,31.695158,28.04070282,50.20357895
1996,3.699030161,3.958255053,12.49738884,18.8456707,17.97575188,17.84980011,18.92908859,8.218722343,44.6998024,26.88872337,8.13331604,12.49738884,23.36606789,10.44303989,41.72814941,56.26987076,10.44303989,42.36356354,9.113619804,9.113619804,15.73584843,15.73584843,39.60161591,69.87350464,41.72814941,51.65618134,62.55543518,30.91949844,6.477591515,4.628031731,6.27973032,3.699030161,7.469147682,5.061349392,11.06563282,16.34066963,2.827265263,3.958255053,8.962646484,10.06164074,12.9859314,27.49443436,3.656556606,3.846058369,6.506493568,5.255160332,3.354350328,8.218722343,18.92908859,18.8456707,9.113619804,17.84980011,12.49738884,33.42581558,4.142328739,17.97575188,53.43406677,70.44269562,10.44303989,12.79333305,8.13331604,14.12274456,23.36606789,44.6998024,58.06353378,65.30399323,26.88872337,42.36356354,49.07076645,38.01330566,51.62457657,50.32331467,24.33966446,48.08598328,54.97989655,44.74978256,29.03323364,41.72814941,56.26987076,57.36724091,77.81254578,115.1033096,51.65618134,77.63857269,69.87350464,29.72794151,37.17605209,46.81131363,62.55543518,64.97853088,15.73584843,37.53609467,39.60161591,30.91949844
1997,16.50116539,13.13553047,99.18889618,86.34170532,130.9990387,66.70275116,82.13582611,32.20383072,88.86468506,183.3215027,95.73764038,99.18889618,91.48220825,174.6820984,133.4267273,159.170639,174.6820984,153.7306671,49.78961563,49.78961563,178.9125824,178.9125824,121.2591782,168.9283295,133.4267273,164.7032928,138.0062103,143.6736603,6.053602219,7.062810421,5.509881973,16.50116539,10.75754166,28.25080681,45.45921707,84.82497406,11.95472622,13.13553047,22.5519104,41.24607849,62.63406754,110.3719711,21.28917313,11.87725735,38.54503632,19.8507309,35.13289261,32.20383072,82.13582611,86.34170532,49.78961563,66.70275116,99.18889618,125.9273911,47.14884567,130.9990387,170.3128052,194.1995239,174.6820984,146.6934814,95.73764038,120.4794922,91.48220825,88.86468506,116.391243,193.0112305,183.3215027,153.7306671,118.8491364,96.72934723,78.52000427,92.52940369,123.3232498,177.309433,146.431076,75.39719391,105.4587555,133.4267273,159.170639,142.2966919,97.51863861,91.43141937,164.7032928,216.3321686,168.9283295,83.34848022,104.9515381,155.9577637,138.0062103,161.0490875,178.9125824,113.8404541,121.2591782,143.6736603
1998,50.8431282,104.9419861,111.5463333,222.7612762,274.3927002,174.7475739,158.1477966,116.8738403,302.5171204,238.0268097,207.1188507,111.5463333,217.3039246,126.2162857,178.1966553,229.8716125,126.2162857,282.2119751,144.8425446,144.8425446,143.6384888,143.6384888,265.8204041,258.1846008,178.1966553,380.9191284,314.772644,344.2069397,26.51791382,26.28438187,27.1029644,50.8431282,37.4068222,106.1585159,64.53473663,153.5882568,70.3719635,104.9419861,113.3656006,146.812973,193.3559265,349.7819824,100.3262329,88.33842468,157.0983887,118.3404465,140.6403351,116.8738403,158.1477966,222.7612762,144.8425446,174.7475739,111.5463333,307.1000061,132.7350769,274.3927002,413.4331055,380.8130798,126.2162857,180.0935516,207.1188507,236.2941284,217.3039246,302.5171204,300.8474731,264.0516357,238.0268097,282.2119751,339.1989136,460.8890991,318.8962402,233.4355774,256.9108276,490.4217529,242.5930939,136.7160339,175.8180237,178.1966553,229.8716125,191.68367,155.7130737,193.7914581,380.9191284,219.6141815,258.1846008,189.4755402,302.9328003,395.655426,314.772644,226.8578644,143.6384888,259.7234497,265.8204041,344.2069397
1999,10.32073307,14.74672031,71.76143646,53.37519455,54.92743683,48.83796692,59.29719925,28.59137917,71.10775757,52.66041565,58.13087463,71.76143646,101.617485,127.5593338,141.2211914,206.9909363,127.5593338,109.3193512,42.44950867,42.44950867,51.62131882,51.62131882,85.18921661,179.6606598,141.2211914,92.61943054,132.4343414,82.06726837,11.18293381,9.962190628,11.75143051,10.32073307,12.28206444,23.68449211,34.96517563,72.50727081,16.9758358,14.74672031,23.28166962,26.16037178,61.23280716,91.09092712,19.34393501,14.37747955,37.87571716,18.28907013,36.13362503,28.59137917,59.29719925,53.37519455,42.44950867,48.83796692,71.76143646,106.6675644,41.03505325,54.92743683,106.9089127,120.195549,127.5593338,59.470047,58.13087463,84.96647644,101.617485,71.10775757,97.05994415,103.5048065,52.66041565,109.3193512,124.1653671,145.8218079,121.2524567,95.82223511,95.16814423,189.6015625,202.5940399,101.1606064,91.61790466,141.2211914,206.9909363,188.2075958,95.06197357,90.77128601,92.61943054,105.3918915,179.6606598,58.57580185,68.25280762,82.06191254,132.4343414,94.78390503,51.62131882,75.36882782,85.18921661,82.06726837
2000,13.55290699,23.51111603,27.10327911,74.58529663,97.21516418,70.5414505,45.15617371,34.04439545,155.3600464,30.98220253,28.53660965,27.10327911,45.64099121,23.06627274,100.6751022,114.8136597,23.06627274,41.62622833,30.74148369,30.74148369,29.92645645,29.92645645,20.37469292,75.04850769,100.6751022,56.20078659,78.87454987,49.10346985,26.31581116,12.38096523,11.03666401,13.55290699,15.89020729,36.3159256,45.06122971,60.45179367,18.68731308,23.51111603,18.62008858,31.97400475,46.12812042,79.16531372,32.70560074,10.0004425,24.31402206,14.98453331,20.56798363,34.04439545,45.15617371,74.58529663,30.74148369,70.5414505,27.10327911,52.58850098,18.26161003,97.21516418,80.97325897,76.23049927,23.06627274,38.55775452,28.53660965,45.59125137,45.64099121,155.3600464,191.3745117,109.1268921,30.98220253,41.62622833,44.98674393,98.36698151,185.3609467,184.8633575,107.557663,80.51898956,148.6043091,131.153244,73.76944733,100.6751022,114.8136597,155.9682922,143.3973541,87.51345062,56.20078659,85.55762482,75.04850769,23.54961586,19.13702393,43.52645111,78.87454987,63.51806641,29.92645645,16.79261589,20.37469292,49.10346985
2001,24.3870697,27.66165161,67.99643707,56.45847702,82.89787292,60.62900543,69.42847443,42.60072708,91.97941589,104.8091507,73.41458893,67.99643707,85.27920532,81.62440491,74.93395233,77.52094269,81.62440491,74.72663116,53.1665535,53.1665535,94.39641571,94.39641571,46.65776825,57.11512756,74.93395233,97.04044342,102.6928177,67.32228088,24.47866631,25.99382782,22.90923119,24.3870697,38.73710251,42.19484329,70.82817078,77.86494446,23.87403488,27.66165161,34.94801712,43.93703079,65.5942688,92.31490326,25.00076675,19.91135216,56.88798523,30.91222763,44.79343796,42.60072708,69.42847443,56.45847702,53.1665535,60.62900543,67.99643707,82.45183563,48.77781296,82.89787292,84.15311432,113.8498535,81.62440491,103.6122055,73.41458893,68.89147949,85.27920532,91.97941589,91.87471008,102.8204727,104.8091507,74.72663116,67.91689301,84.28283691,69.88400269,64.06013489,97.19374847,85.83922577,61.31521988,71.58370209,98.35323334,74.93395233,77.52094269,84.62516785,105.1875992,119.0391159,97.04044342,73.87924957,57.11512756,62.39133453,46.09689713,57.06867218,102.6928177,91.8243103,94.39641571,39.1732254,46.65776825,67.32228088
2002,40.89854813,51.48655701,57.81798172,116.1199951,126.0153503,169.861969,88.09325409,90.86496735,85.54605865,152.6406403,87.24671936,57.81798172,95.95954895,112.9583511,265.9857788,348.6411438,112.9583511,128.3458862,119.1973953,119.1973953,128.1237183,128.1237183,87.60590363,349.0927124,265.9857788,170.7179565,198.3791962,117.6175079,44.07021713,34.7271347,51.72086716,40.89854813,56.2567749,79.98370361,106.5712891,155.3188324,40.4368782,51.48655701,69.85749817,77.0306778,135.7550049,222.2224731,53.16044617,48.99913788,58.52243423,47.48879242,62.80136871,90.86496735,88.09325409,116.1199951,119.1973953,169.861969,57.81798172,216.2080688,75.05561066,126.0153503,221.3170319,254.866333,112.9583511,83.8373642,87.24671936,101.0054245,95.95954895,85.54605865,189.6409302,194.5789795,152.6406403,128.3458862,135.2195435,226.9292755,98.65542603,200.4820709,191.7013855,428.3240662,161.1422882,223.9966278,211.1016998,265.9857788,348.6411438,192.6861877,223.0288086,311.3930054,170.7179565,166.5294189,349.0927124,72.88775635,87.9303894,114.1155701,198.3791962,209.4633179,128.1237183,89.46815491,87.60590363,117.6175079
2003,3.84592247,4.48185873,12.16511536,22.89806747,28.19401741,17.66015434,41.7522583,9.843286514,62.89047623,21.25491142,17.28553963,12.16511536,55.55920792,27.49926186,35.61265182,48.33339691,27.49926186,23.38612556,12.64069176,12.64069176,24.84475899,24.84475899,29.73859406,52.97894669,35.61265182,32.22825241,47.58148193,23.68690109,7.491954327,4.22802639,3.161586285,3.84592247,6.025307655,4.526450634,8.703970909,14.75708771,3.380004406,4.48185873,13.09283733,10.66296577,13.19130802,50.70925903,4.037788868,4.447777748,8.371712685,6.693549633,10.04974842,9.843286514,41.7522583,22.89806747,12.64069176,17.66015434,12.16511536,51.40930557,13.10330677,28.19401741,46.90735626,82.65897369,27.49926186,12.67243576,17.28553963,21.88394547,55.55920792,62.89047623,83.75865173,76.18894196,21.25491142,23.38612556,45.69281006,71.82881927,93.69091797,73.93328857,57.20742798,81.28845978,69.1636734,45.86859512,41.96256638,35.61265182,48.33339691,45.82554245,46.39769745,33.01664734,32.22825241,52.80598831,52.97894669,20.31073761,27.85851669,28.31307983,47.58148193,50.36297607,24.84475899,20.96353531,29.73859406,23.68690109
2004,5.768482208,5.941305637,25.5380249,24.95789528,62.32355499,24.84985352,27.00458717,24.05999565,68.65286255,29.40133476,23.79254532,25.5380249,33.73872757,43.60449982,103.9966431,111.7941666,43.60449982,26.62708473,32.68731689,32.68731689,34.77737045,34.77737045,19.57876396,45.30628967,103.9966431,30.42524338,46.02054596,33.381073,3.436062098,3.917277813,4.037834644,5.768482208,4.822903156,6.492897034,20.99217606,34.12392044,5.874830723,5.941305637,12.31799507,11.31935978,16.45412636,20.09256554,6.437506199,5.635928631,13.81715298,10.82143497,14.53119946,24.05999565,27.00458717,24.95789528,32.68731689,24.84985352,25.5380249,35.36088943,18.516119,62.32355499,52.48164368,33.61690521,43.60449982,21.88575935,23.79254532,44.9140358,33.73872757,68.65286255,58.94240952,47.35257339,29.40133476,26.62708473,95.19741821,106.5715179,86.14649963,57.02922058,33.63734436,63.5064888,44.1545105,24.79460526,33.22929382,103.9966431,111.7941666,48.60726929,38.66570663,44.02658844,30.42524338,40.72296906,45.30628967,21.92246056,35.146595,56.1588707,46.02054596,56.10111237,34.77737045,25.9822464,19.57876396,33.381073
2005,11.55494976,10.15567112,14.42734909,19.37701988,37.8662529,27.26953125,14.07751369,14.40979004,64.00485229,23.48607254,28.36849976,14.42734909,46.70114136,28.96238327,57.89160538,53.93113708,28.96238327,39.13707352,21.04608154,21.04608154,29.03408241,29.03408241,30.71251488,52.56437302,57.89160538,24.87295341,39.0828743,31.25454903,5.100254536,10.07522774,7.634912014,11.55494976,13.10878944,13.91423607,20.10900688,29.98423958,11.03795433,10.15567112,7.755023479,11.51708698,18.68076706,28.80462456,13.90825081,6.497191429,10.90964413,11.74293327,8.110071182,14.40979004,14.07751369,19.37701988,21.04608154,27.26953125,14.42734909,47.47288513,14.72337723,37.8662529,38.15966797,70.9978714,28.96238327,14.02044773,28.36849976,48.54039383,46.70114136,64.00485229,73.4389267,84.42642975,23.48607254,39.13707352,34.09395981,50.48250961,54.10139847,54.52973175,75.61723328,61.52336502,29.88391495,32.61299515,59.31712341,57.89160538,53.93113708,47.83208466,117.2499313,132.1067505,24.87295341,40.32810593,52.56437302,29.57688522,38.46966171,38.64779663,39.0828743,36.00563431,29.03408241,19.34467316,30.71251488,31.25454903
2006,11.79846191,14.35283089,59.84541321,127.7882996,165.3312836,122.8386612,58.24567032,41.9928093,120.6491623,162.239212,112.001236,59.84541321,84.84359741,77.10560608,150.3874512,139.8581696,77.10560608,247.663208,60.55485916,60.55485916,57.20550919,57.20550919,50.01485443,152.443512,150.3874512,166.4641266,98.43570709,55.26947021,7.570178032,8.201984406,16.2811451,11.79846191,23.82687378,21.96126175,24.74222183,61.90610504,10.2976408,14.35283089,30.77889824,26.90825272,50.86956406,119.0098953,16.25429726,19.2466526,47.29491806,38.78289795,42.9974823,41.9928093,58.24567032,127.7882996,60.55485916,122.8386612,59.84541321,115.6718521,42.0084877,165.3312836,204.8558197,106.5463638,77.10560608,109.0142212,112.001236,74.57448578,84.84359741,120.6491623,212.6438293,226.3093719,162.239212,247.663208,182.8341064,103.6368713,123.9610519,134.2856903,148.7258301,170.4581299,134.9593048,92.73574829,77.58428955,150.3874512,139.8581696,124.7324982,74.97665405,107.6662064,166.4641266,140.0032654,152.443512,43.39822388,43.47013855,82.67147827,98.43570709,136.7843323,57.20550919,65.97241974,50.01485443,55.26947021
2007,11.87939453,17.40571785,30.65255737,61.19231033,68.03739929,52.6903801,54.3908844,31.16087914,59.59706497,42.21369171,64.23901367,30.65255737,70.54629517,30.96844482,62.62646484,83.87433624,30.96844482,61.6515007,43.68292236,43.68292236,30.496912,30.496912,29.22338486,85.60881042,62.62646484,43.91820145,54.27754593,33.17357635,12.42123127,11.5094471,15.04394722,11.87939453,18.93096542,26.73917007,30.40230179,37.46380234,12.76127243,17.40571785,24.21910667,27.3157444,34.25159454,38.69567108,16.87747955,16.5457592,31.85482788,25.65587425,28.25662804,31.16087914,54.3908844,61.19231033,43.68292236,52.6903801,30.65255737,48.71354675,43.27796173,68.03739929,59.66350174,99.38234711,30.96844482,29.13548279,64.23901367,74.54990387,70.54629517,59.59706497,73.90768433,149.2347717,42.21369171,61.6515007,66.48535156,84.9785614,65.45644379,58.95741272,139.0949707,66.87440491,85.08119965,52.48898697,101.3764343,62.62646484,83.87433624,101.1114349,73.91724396,79.25485229,43.91820145,64.92447662,85.60881042,39.98189163,36.71818542,38.93973923,54.27754593,61.55844498,30.496912,33.20763779,29.22338486,33.17357635
2008,68.448349,98.68088531,74.01171875,100.5459213,278.1026306,177.5854187,55.70419312,86.95194244,392.2827759,224.4133301,242.9325714,74.01171875,128.9772949,62.93125916,307.3820801,220.2332306,62.93125916,513.6485596,151.8830414,151.8830414,64.9111557,64.9111557,52.7191658,474.7545166,307.3820801,320.0783081,322.8734131,108.5997925,36.76367569,46.41821289,37.81946945,68.448349,53.08965302,66.03324127,53.41442108,77.9136734,79.99415588,98.68088531,105.4944534,78.55988312,88.98110962,246.7138977,107.2820816,113.4570618,51.05809021,89.93418884,54.10707092,86.95194244,55.70419312,100.5459213,151.8830414,177.5854187,74.01171875,282.9650879,47.86555481,278.1026306,508.4570313,374.5524597,62.93125916,114.8343201,242.9325714,111.2920609,128.9772949,392.2827759,560.5546875,327.445282,224.4133301,513.6485596,452.3216248,150.8262482,153.3449402,373.8480225,281.7200012,250.1060638,261.1876526,247.3898621,269.2555542,307.3820801,220.2332306,267.3315735,127.7432327,157.9263763,320.0783081,529.8131714,474.7545166,43.57374573,68.23415375,169.8251495,322.8734131,366.0150146,64.9111557,53.04101563,52.7191658,108.5997925
2009,25.75808144,27.28860474,53.18507004,93.22257233,139.3528748,105.7812119,71.53154755,49.21379089,172.7049103,58.18731308,62.72996521,53.18507004,104.8874588,53.67499161,151.9693298,232.7522583,53.67499161,70.86287689,56.25650406,56.25650406,67.86190796,67.86190796,61.12725449,85.10157013,151.9693298,54.78882599,73.15428162,58.5293045,10.97177792,13.26130295,11.04561615,25.75808144,26.355793,45.25143051,50.17285538,99.92815399,23.00891685,27.28860474,37.2939415,49.09403229,107.3123627,135.6509094,13.88445663,24.31284332,51.83766174,40.6160965,47.22176743,49.21379089,71.53154755,93.22257233,56.25650406,105.7812119,53.18507004,172.7449188,59.61587143,139.3528748,204.6290436,244.9181519,53.67499161,53.36694717,62.72996521,81.74318695,104.8874588,172.7049103,197.1340637,203.7459717,58.18731308,70.86287689,93.02495575,171.1696625,174.2376251,168.7436981,128.6500549,182.5968781,211.1130981,121.4190598,81.57079315,151.9693298,232.7522583,180.0363312,105.8881607,68.47196198,54.78882599,99.73059082,85.10157013,81.13092041,65.86846161,58.79953384,73.15428162,127.292778,67.86190796,62.24584961,61.12725449,58.5293045
2010,18.88129425,47.10240173,62.06857681,64.91334534,64.99103546,77.02381897,50.60454178,63.90361786,81.74005127,58.08178329,77.67475128,62.06857681,134.8908386,51.59420013,88.13035583,81.082901,51.59420013,72.43037415,62.15962219,62.15962219,59.56322479,59.56322479,70.52501678,115.8543091,88.13035583,70.27565765,123.2316437,86.86991882,3.427648783,14.19838619,5.250355721,18.88129425,12.22539902,13.79846382,20.16170311,41.51996231,39.51856995,47.10240173,67.10669708,37.37047195,25.09777451,49.96503448,65.94919586,65.7153244,93.05723572,70.11019897,70.27420807,63.90361786,50.60454178,64.91334534,62.15962219,77.02381897,62.06857681,116.2819519,69.17680359,64.99103546,95.72181702,338.0048218,51.59420013,46.92840576,77.67475128,80.40240479,134.8908386,81.74005127,233.3516693,319.5401001,58.08178329,72.43037415,106.7117081,154.7720795,213.7769775,207.5025787,240.1698608,178.8089752,182.318985,97.04257202,119.2468338,88.13035583,81.082901,72.89771271,72.15047455,77.41085815,70.27565765,129.5580597,115.8543091,47.6741333,72.32515717,76.54907227,123.2316437,101.2777939,59.56322479,62.68462753,70.52501678,86.86991882
2011,5.660057068,9.195421219,13.67406559,32.52791977,35.92119598,36.39776611,34.7269249,17.2826004,50.22183228,27.46129608,19.15825272,13.67406559,34.74759674,14.5728569,77.01752472,344.6548462,14.5728569,49.81155014,36.47185135,36.47185135,12.54485893,12.54485893,38.57124329,87.07836151,77.01752472,36.53960037,30.31257439,38.72679901,10.80625439,6.006888866,6.157833576,5.660057068,7.770579338,19.02438164,36.6039505,82.02986145,6.757211208,9.195421219,16.04625702,16.94362068,35.05822754,70.69379425,13.51457405,7.417281628,17.07489395,13.76021767,19.89285088,17.2826004,34.7269249,32.52791977,36.47185135,36.39776611,13.67406559,110.9043655,18.72760201,35.92119598,100.7299194,117.6287079,14.5728569,12.00720978,19.15825272,52.58847809,34.74759674,50.22183228,108.397377,112.6007309,27.46129608,49.81155014,85.73057556,80.33981323,137.5176086,150.8328857,124.6628189,229.2086945,249.722229,190.3096161,167.3315582,77.01752472,344.6548462,309.0014038,175.0159912,189.6207123,36.53960037,58.69697952,87.07836151,41.85483932,31.55348396,42.51713562,30.31257439,51.13211823,12.54485893,28.32852173,38.57124329,38.72679901
2012,35.88742447,52.5714798,45.83772278,165.986084,180.140625,83.90258789,63.44371033,46.96233749,134.064621,62.40250397,46.17337418,45.83772278,131.6603699,48.71146393,166.3049774,255.3121033,48.71146393,74.71346283,58.66942978,58.66942978,41.76494598,41.76494598,55.85209656,161.6100464,166.3049774,104.8779602,129.8654785,93.22180939,15.75137043,19.76337433,12.26737499,35.88742447,23.87948799,68.97895813,87.4957428,192.0297852,33.33896255,52.5714798,44.36294556,97.39344788,189.6530914,195.3607941,20.62815857,27.44602585,35.57164383,31.68589783,39.07736588,46.96233749,63.44371033,165.986084,58.66942978,83.90258789,45.83772278,122.2791748,41.68411636,180.140625,241.8958282,154.3582458,48.71146393,32.90480804,46.17337418,103.5583725,131.6603699,134.064621,230.0536499,155.4741516,62.40250397,74.71346283,96.15759277,185.1949921,145.3683777,165.6533051,123.0106049,282.1890259,198.4564056,162.9165649,94.17264557,166.3049774,255.3121033,212.8196106,177.754837,106.9424286,104.8779602,90.66558838,161.6100464,79.07314301,82.97698212,78.66397858,129.8654785,102.3142853,41.76494598,88.18937683,55.85209656,93.22180939
2013,22.93903923,23.6488266,37.91883087,76.69895935,77.74930573,61.17207336,35.87557983,23.36790276,63.50544357,43.68293381,41.76044846,37.91883087,51.34692001,39.05810165,101.6156693,59.42754745,39.05810165,48.41606522,35.28749847,35.28749847,37.11209488,37.11209488,48.1401062,69.86898041,101.6156693,76.95219421,174.7537231,48.63560867,14.8480854,12.30273628,10.16435051,22.93903923,25.84929276,42.71517944,58.70305634,87.25254059,17.32296181,23.6488266,29.42537689,39.35014343,68.46234894,79.02791595,48.57501984,38.32723999,25.99379539,30.34648323,19.76058388,23.36790276,35.87557983,76.69895935,35.28749847,61.17207336,37.91883087,103.8954391,24.18102455,77.74930573,95.68074036,130.2101898,39.05810165,34.81446457,41.76044846,50.65019989,51.34692001,63.50544357,90.1524353,132.3521118,43.68293381,48.41606522,42.47684479,44.14207458,64.67611694,63.29673767,112.0767136,44.8389473,39.12900925,39.84909439,76.99222565,101.6156693,59.42754745,46.47537994,57.84018707,71.91641235,76.95219421,84.22436523,69.86898041,43.0072403,59.90330124,97.58992004,174.7537231,148.3718109,37.11209488,35.67022705,48.1401062,48.63560867
2014,6.49101162,12.00687695,16.86038589,25.10013199,20.32919884,21.90317345,31.73157883,13.66255093,14.04030991,18.93050957,15.34177971,16.86038589,14.40787792,11.10016346,25.97588348,29.33410645,11.10016346,25.62629128,15.41806698,15.41806698,10.03268337,10.03268337,21.28354645,36.86464691,25.97588348,28.88871002,28.13887978,16.00935364,5.330705643,5.179112911,2.637647629,6.49101162,3.352087259,7.990052223,4.144437313,6.573719501,9.005961418,12.00687695,12.13451195,13.48101711,8.602953911,28.4502964,9.75776577,11.11324596,8.203287125,9.413813591,8.040156364,13.66255093,31.73157883,25.10013199,15.41806698,21.90317345,16.86038589,20.83097649,9.64649868,20.32919884,43.83537292,32.13518143,11.10016346,8.414988518,15.34177971,23.43166542,14.40787792,14.04030991,36.49620056,25.31903076,18.93050957,25.62629128,23.4115448,43.99161911,36.27497101,29.22271729,21.26708221,42.96961594,32.02714539,18.42043114,15.85593319,25.97588348,29.33410645,24.18400574,22.93900299,26.36814499,28.88871002,41.72709656,36.86464691,48.75722504,36.65638351,43.13085938,28.13887978,26.78798676,10.03268337,31.95970345,21.28354645,16.00935364
2015,7.890964985,15.38925266,28.99436188,57.8937149,93.04727936,140.9481201,100.469223,51.89938354,148.4697266,86.48820496,66.59186554,28.99436188,132.8292389,47.10344696,104.85215,91.67268372,47.10344696,87.39555359,64.41706848,64.41706848,54.26865005,54.26865005,48.4825325,105.3201675,104.85215,113.6141586,148.3674622,61.85487747,2.297368765,4.164308071,2.712807178,7.890964985,8.312541008,16.96059608,20.58725548,45.93899536,9.497941971,15.38925266,36.02074432,35.44292068,30.66349602,68.36563873,21.34200287,15.44576454,31.91734505,29.68013,35.51911163,51.89938354,100.469223,57.8937149,64.41706848,140.9481201,28.99436188,74.23540497,40.28018188,93.04727936,133.8384552,104.3736343,47.10344696,63.03673553,66.59186554,65.3519516,132.8292389,148.4697266,161.6608734,189.1191254,86.48820496,87.39555359,101.5178986,122.8462677,120.6704025,117.8850174,133.5045624,102.3358612,123.8325348,97.16771698,90.63191986,104.85215,91.67268372,135.0406952,114.8394165,118.3153076,113.6141586,137.4090271,105.3201675,41.61419296,39.23022461,86.95777893,148.3674622,245.4397736,54.26865005,41.54469681,48.4825325,61.85487747
2016,59.4990921,47.89725113,86.1579895,133.037323,146.4568481,78.28385925,75.34814453,56.05017471,168.947403,99.76726532,126.4698029,86.1579895,164.5714417,97.38056946,89.53201294,185.3229523,97.38056946,184.8763885,83.1623764,83.1623764,92.30726624,92.30726624,123.5468292,136.62146,89.53201294,125.2353439,105.0080795,128.7398224,10.12763977,48.05425262,20.77634239,59.4990921,45.84785843,51.7126236,57.44932175,85.71730804,63.0694046,47.89725113,29.21596718,52.46142578,81.39571381,178.1676178,71.14009857,29.4691143,55.31224442,32.42551804,46.97859573,56.05017471,75.34814453,133.037323,83.1623764,78.28385925,86.1579895,143.7198486,79.58166504,146.4568481,213.5259094,222.4404755,97.38056946,68.78903198,126.4698029,200.245575,164.5714417,168.947403,211.1326294,277.4855652,99.76726532,184.8763885,265.7498779,237.9555817,198.6270142,177.5446777,174.4898224,191.2188568,125.6317062,93.89100647,79.12275696,89.53201294,185.3229523,144.1825256,89.47722626,105.2948532,125.2353439,144.2749481,136.62146,71.90036774,110.1528244,123.1136322,105.0080795,107.7451172,92.30726624,107.3233795,123.5468292,128.7398224
